A4,A4
API Endpoint,Koncový bod API
API Key,Kľúč API
Access Token,Prístupový token
Account,Účet
Accounts Manager,Manažér účtovníctva
Accounts User,Účty Používateľ
Action,Akcia
Actions,Činnosti
Active,Aktívne
Add,Pridať
Add Row,Pridať riadok
Address,Adresa
Address Line 2,Adresný riadok 2
Address Title,Adresa Názov
Address Type,Typ adresy
Administrator,Správca
All Day,Celý deň
Allow Delete,Povoliť vymazanie
Amended From,Zmenené od
Amount,Suma
Applicable For,Platí pre
Approval Status,Stav schválenia
Assign,Priradenie
Assign To,Priradiť k
Attachment,Príloha
Attachments,Prílohy
Author,Autor
Auto Repeat,Automatické opakovanie
Base URL,Základná adresa URL
Based On,Na základe
Beginner,Začiatočník
Billing,Fakturácia
Cancel,Zrušiť
Category,Kategória
Category Name,Názov kategórie
City,Mesto
City/Town,Mesto/obec
Client,Klient
Client ID,ID klienta
Client Secret,Tajomstvo klienta
Closed,Uzavreté
Code,Kód
Collapse All,Zbaliť všetko
Color,Farba
Company Name,Názov spoločnosti
Condition,Stav
Contact,Kontakt
Contact Details,Kontaktné údaje
Content,Obsah
Content Type,Typ obsahu
Create,Vytvoriť stránku
Created By,Vytvoril
Current,Aktuálne
Custom HTML,Vlastné HTML
Custom?,Vlastné?
Date Format,Formát dátumu
Datetime,Dátum
Day,Deň
Default Letter Head,Predvolená hlavička listu
Defaults,Predvolené nastavenia
Delivery Status,Stav dodávky
Department,Oddelenie
Details,Podrobnosti na
Document Name,Názov dokumentu
Document Status,Stav dokumentu
Document Type,Typ dokumentu
Domain,Doména
Domains,Domény
Draft,Návrh
Edit,Upraviť
Email Account,E-mailové konto
Email Address,E-mailová adresa
Email ID,ID e-mailu
Email Sent,Odoslaný e-mail
Email Template,Šablóna e-mailu
Enable,Povolenie stránky
Enabled,Povolené
End Date,Dátum ukončenia
Error Code: {0},Kód chyby: {0}
Error Log,Protokol o chybách
Event,Udalosť
Expand All,Rozbaliť všetko
Fail,Zlyhanie
Failed,Neúspešné
Fax,Fax
Feedback,Spätná väzba
Female,Ženy
Field Name,Názov poľa
Fieldname,Názov poľa
Fields,Polia
First Name,Kresťanské meno
Frequency,Frekvencia
Friday,Piatok
From,Z adresy
Full,Úplný
Full Name,Celé meno
Further nodes can be only created under 'Group' type nodes,"Ďalšie uzly je možné vytvoriť len v rámci uzlov typu ""Skupina""."
Gender,Pohlavie
GitHub Sync ID,ID synchronizácie GitHub
Guest,Hosť
Half Day,Pol dňa
Half Yearly,Polročne
High,Vysoká
Hourly,Hodinové
Hub Sync ID,ID synchronizácie rozbočovača
IP Address,IP adresa
Image,Obrázok
Image View,Zobrazenie obrázku
Import Data,Import údajov
Import Log,Importný protokol
Inactive,Neaktívne
Insert,Vložte
Interests,Záujmy
Introduction,Úvod
Is Active,Je aktívny
Is Completed,Je dokončená
Is Default,Je predvolené
Kanban Board,Tabuľa Kanban
Label,Štítok
Language Name,Názov jazyka
Last Name,Priezvisko
Leaderboard,Rebríček
Letter Head,Hlavička listu
Level,Úroveň
Limit,Limit
Log,Prihlásiť sa
Logs,Protokoly
Low,Nízka
Maintenance Manager,Manažér údržby
Maintenance User,Používateľ údržby
Male,Muži
Mandatory,Povinné
Mapping,Mapovanie
Mapping Type,Typ mapovania
Medium,Stredné
Meeting,Stretnutie
Message Examples,Príklady správ
Method,Metóda
Middle Name,Stredné meno
Middle Name (Optional),Stredné meno (nepovinné)
Monday,Pondelok
Monthly,Mesačne
More,Viac na
More Information,Viac informácií
Move,Presun
My Account,Moje konto
New Address,Nová adresa
New Contact,Nový kontakt
Next,Ďalšie
No Data,Žiadne údaje
No address added yet.,Zatiaľ nebola pridaná žiadna adresa.
No contacts added yet.,Zatiaľ neboli pridané žiadne kontakty.
No items found.,Nenašli sa žiadne položky.
None,Žiadne
Not Permitted,Nie je povolené
Not active,Nie je aktívny
Number,Číslo
Online,Online
Operation,Operácia
Options,Možnosti
Other,Iné
Owner,Vlastník
Page Missing or Moved,Chýbajúca alebo presunutá stránka
Parameter,Parameter
Password,Heslo
Period,Obdobie
Pincode,Pincode
Please enable pop-ups,Povoľte vyskakovacie okná
Please select Company,"Prosím, vyberte spoločnosť"
Please select {0},"Prosím, vyberte {0}"
Please set Email Address,Nastavte e-mailovú adresu
Portal Settings,Nastavenia portálu
Preview,Náhľad
Primary,Primárne
Print Format,Formát tlače
Print Settings,Nastavenia tlače
Print taxes with zero amount,Tlač daní s nulovou sumou
Private,Súkromná stránka
Property,Vlastníctvo
Public,Verejnosť
Published,Zverejnené na
Purchase Manager,Manažér nákupu
Purchase Master Manager,Hlavný manažér nákupu
Purchase User,Nákup Používateľ
Query Options,Možnosti dopytu
Range,Rozsah
Rating,Hodnotenie
Received,Prijaté
Recipients,Príjemcovia
Redirect URL,Adresa URL presmerovania
Reference,Odkaz
Reference Date,Referenčný dátum
Reference Document,Referenčný dokument
Reference Document Type,Typ referenčného dokumentu
Reference Owner,Referenčný vlastník
Reference Type,Referenčný typ
Refresh Token,Token Refresh
Region,Región
Rejected,Odmietnuté
Reopen,Znovu otvoriť stránku
Replied,Odpovedal
Report,Správa
Report Builder,Tvorca správ
Report Type,Typ správy
Reports,Správy
Response,Odpoveď
Role,Úloha
Route,Trasa
Sales Manager,Manažér predaja
Sales Master Manager,Hlavný manažér predaja
Sales User,Používateľ predaja
Salutation,Pozdrav
Sample,Vzorka
Saturday,Sobota
Saved,Uložené
Scheduled,Plánované
Search,Vyhľadávanie
Secret Key,Tajný kľúč
Select,Vyberte
Select DocType,Vyberte DocType
Send Now,Odoslať teraz
Sent,Odoslané
Series {0} already used in {1},Séria {0} už použitá v {1}
Service,Služba
Set as Default,Nastaviť ako predvolené
Settings,Nastavenia
Shipping,Preprava
Short Name,Krátky názov
Slideshow,Prezentácia
Source,Zdroj
Source Name,Názov zdroja
Standard,Štandard
Start Date,Dátum začiatku
Start Import,Spustenie importu
State,Štát
Stopped,Zastavené
Subject,Predmet
Submit,Odoslať
Summary,Zhrnutie
Sunday,Nedeľa
System Manager,Správca systému
Target,Cieľ
Task,Úloha
Tax Category,Daňová kategória
Test,Test
Thank you,Ďakujem
The page you are looking for is missing. This could be because it is moved or there is a typo in the link.,Hľadaná stránka chýba. Dôvodom môže byť jej presunutie alebo preklep v odkaze.
Timespan,Časové rozpätie
To,Na
To Date,K dnešnému dňu
Traceback,Spätné sledovanie
URL,ADRESA URL
Unsubscribed,Odhlásené
User,Používateľ
User ID,ID používateľa
Users,Používatelia
Validity,Platnosť
Warning,Upozornenie
Website,Webová lokalita
Website Manager,Správca webovej lokality
Website Settings,Nastavenia webovej lokality
Wednesday,Streda
Week,Týždeň
Weekdays,Pracovné dni
Weekly,Týždeň
Welcome email sent,Odoslanie uvítacieho e-mailu
Workflow,Pracovný postup
You need to be logged in to access this page,Na prístup na túto stránku musíte byť prihlásený
old_parent,starý_rodič
{0} is mandatory,{0} je povinné
 to your browser, do vášho prehliadača
"""Company History""","""História spoločnosti"""
"""Parent"" signifies the parent table in which this row must be added","""Parent"" označuje nadradenú tabuľku, do ktorej sa tento riadok musí pridať"
"""Team Members"" or ""Management""","""Členovia tímu"" alebo ""Vedenie"""
&lt;head&gt; HTML,&lt;head&gt; HTML
'In Global Search' not allowed for type {0} in row {1},'V globálnom vyhľadávaní' nie je povolené pre typ {0} v riadku {1}
'In List View' not allowed for type {0} in row {1},'V zobrazení zoznamu' nie je povolené pre typ {0} v riadku {1}
'Recipients' not specified,"""Príjemcovia"" nie sú špecifikovaní"
(Ctrl + G),(Ctrl + G)
** Failed: {0} to {1}: {2},** Nepodarilo sa: {0} až {1}: {2}
**Currency** Master,**Mena** Master
0 - Draft; 1 - Submitted; 2 - Cancelled,0 - Návrh; 1 - Odoslaný; 2 - Zrušený
0 is highest,0 je najvyššia
1 Currency = [?] Fraction\nFor e.g. 1 USD = 100 Cent,1 mena = [?] zlomok\nFor napr. 1 USD = 100 centov
1 comment,1 komentár
1 hour ago,Pred 1 hodinou
1 minute ago,Pred 1 minútou
1 month ago,Pred 1 mesiacom
1 year ago,Pred 1 rokom
; not allowed in condition,; nie je povolené v stave
"<h4>Default Template</h4>\n<p>Uses <a href=""http://jinja.pocoo.org/docs/templates/"">Jinja Templating</a> and all the fields of Address (including Custom Fields if any) will be available</p>\n<pre><code>{{ address_line1 }}&lt;br&gt;\n{% if address_line2 %}{{ address_line2 }}&lt;br&gt;{% endif -%}\n{{ city }}&lt;br&gt;\n{% if state %}{{ state }}&lt;br&gt;{% endif -%}\n{% if pincode %} PIN:  {{ pincode }}&lt;br&gt;{% endif -%}\n{{ country }}&lt;br&gt;\n{% if phone %}Phone: {{ phone }}&lt;br&gt;{% endif -%}\n{% if fax %}Fax: {{ fax }}&lt;br&gt;{% endif -%}\n{% if email_id %}Email: {{ email_id }}&lt;br&gt;{% endif -%}\n</code></pre>","<h4>Predvolená šablóna</h4>\n<p>Používa <a href=""http://jinja.pocoo.org/docs/templates/"">Jinja Templating</a> a všetky polia adresy (vrátane prípadných vlastných polí) budú k dispozícii</p>\n<pre><code>{{ address_line1 }}&lt;br&gt;\n{% if address_line2 %}{{ address_line2 }}&lt;br&gt;{% endif -%}\n{{ city }}&lt;br&gt;\n{% if state %}{{ state }}&lt;br&gt;{% endif -%}\n{% if pincode %} PIN: {{ pincode }}&lt;br&gt;{% endif -%}\n{{ country }}&lt;br&gt;\n{% if phone %}Telefón: {{ phone }}&lt;br&gt;{% endif -%}\n{% if fax %}Fax: {{ fax }}&lt;br&gt;{% endif -%}\n{% if email_id %}Email: {{ email_id }}&lt;br&gt;{% endif -%}\n</code></pre>"
A Lead with this Email Address should exist,Vedúci s touto e-mailovou adresou by mal existovať
A list of resources which the Client App will have access to after the user allows it.<br> e.g. project,"Zoznam zdrojov, ku ktorým bude mať klientská aplikácia prístup po tom, ako jej to používateľ povolí.<br> napr. projekt"
A log of request errors,Protokol chýb v požiadavkách
A new account has been created for you at {0},Bolo pre vás vytvorené nové konto na adrese {0}
A symbol for this currency. For e.g. $,Symbol pre túto menu. Napríklad $
A word by itself is easy to guess.,Samotné slovo sa dá ľahko uhádnuť.
API Endpoint Args,Príznaky koncového bodu API
API Key cannot be  regenerated,Kľúč API nie je možné regenerovať
API Password,Heslo API
API Secret,Tajomstvo API
API Username,Používateľské meno API
ASC,ASC
About Us Settings,O nás Nastavenia
About Us Team Member,O nás Člen tímu
Accept Payment,Prijatie platby
Access Key ID,ID prístupového kľúča
Access Token URL,Adresa URL prístupového tokenu
Action Failed,Akcia zlyhala
Action Timeout (Seconds),Časový limit akcie (sekundy)
"Actions for workflow (e.g. Approve, Cancel).","Akcie pre pracovný postup (napr. Schváliť, Zrušiť)."
Active Domains,Aktívne domény
Active Sessions,Aktívne relácie
Activity Log,Denník aktivít
Activity log of all users.,Denník aktivít všetkých používateľov.
Add / Manage Email Domains.,Pridanie / správa e-mailových domén.
Add / Update,Pridať / aktualizovať
Add A New Rule,Pridanie nového pravidla
Add Another Comment,Pridať ďalší komentár
Add Attachment,Pridať prílohu
Add Column,Pridať stĺpec
Add Contact,Pridať kontakt
Add Contacts,Pridať kontakty
Add Filter,Pridať filter
Add Group,Pridať skupinu
Add New Permission Rule,Pridanie nového pravidla oprávnenia
Add Review,Pridať recenziu
Add Signature,Pridať podpis
Add Subscribers,Pridanie odberateľov
Add Total Row,Pridať celkový riadok
Add Unsubscribe Link,Pridanie prepojenia na odhlásenie
Add User Permissions,Pridanie oprávnení používateľa
Add a New Role,Pridanie novej úlohy
Add a column,Pridanie stĺpca
Add a comment,Pridať komentár
Add a new section,Pridanie novej sekcie
Add a tag ...,Pridať značku ...
Add all roles,Pridanie všetkých rolí
Add custom forms.,Pridanie vlastných formulárov.
Add custom javascript to forms.,Pridanie vlastného javascriptu do formulárov.
Add fields to forms.,Pridávanie polí do formulárov.
Add meta tags to your web pages,Pridávanie meta značiek na webové stránky
Add script for Child Table,Pridanie skriptu pre detskú tabuľku
Add to table,Pridať do tabuľky
Add your own translations,Pridajte vlastné preklady
"Added HTML in the &lt;head&gt; section of the web page, primarily used for website verification and SEO","Pridanie HTML do časti &lt;head&gt; webovej stránky, ktorá sa používa najmä na overenie webovej stránky a SEO"
Added {0},Pridané {0}
Adding System Manager to this User as there must be atleast one System Manager,"Pridanie systémového manažéra k tomuto používateľovi, pretože musí existovať aspoň jeden systémový manažér"
Additional Permissions,Ďalšie oprávnenia
Address Template,Šablóna adresy
Address Title is mandatory.,Názov adresy je povinný.
Address and other legal information you may want to put in the footer.,"Adresa a ďalšie právne informácie, ktoré možno budete chcieť uviesť v pätičke."
Addresses And Contacts,Adresy a kontakty
Adds a client custom script to a DocType,Pridá vlastný skript klienta do typu DocType
Adds a custom field to a DocType,Pridá vlastné pole do typu DocType
Admin,Administrátor
Administrator Logged In,Prihlásený správca
Administrator accessed {0} on {1} via IP Address {2}.,Správca získal prístup k {0} na {1} prostredníctvom IP adresy {2}.
Advanced,Pokročilé
Advanced Control,Pokročilé ovládanie
Advanced Search,Rozšírené vyhľadávanie
Align Labels to the Right,Zarovnanie štítkov doprava
Align Value,Zosúladiť hodnotu
All Images attached to Website Slideshow should be public,Všetky obrázky pripojené k webovej stránke Slideshow by mali byť verejné
All customizations will be removed. Please confirm.,"Všetky prispôsobenia budú odstránené. Potvrďte, prosím."
"All possible Workflow States and roles of the workflow. Docstatus Options: 0 is""Saved"", 1 is ""Submitted"" and 2 is ""Cancelled""","Všetky možné stavy pracovného postupu a roly pracovného postupu. Možnosti stavu dokumentov: 0 je ""Uložené"", 1 je ""Odoslané"" a 2 je ""Zrušené""."
All-uppercase is almost as easy to guess as all-lowercase.,Veľké písmená sú takmer rovnako ľahko uhádnuteľné ako malé písmená.
Allocated To,Pridelené na
Allow,Povoľte
Allow Bulk Edit,Povoliť hromadné úpravy
Allow Comments,Povoliť komentáre
Allow Consecutive Login Attempts ,Povolenie po sebe nasledujúcich pokusov o prihlásenie
Allow Dropbox Access,Povolenie prístupu k službe Dropbox
Allow Edit,Povoliť úpravu
Allow Guest to View,Povoliť hosťovi zobrazenie
Allow Import (via Data Import Tool),Povoliť import (prostredníctvom nástroja na import údajov)
Allow Incomplete Forms,Povolenie neúplných formulárov
Allow Login After Fail,Povoliť prihlásenie po zlyhaní
Allow Login using Mobile Number,Povoliť prihlásenie pomocou mobilného čísla
Allow Login using User Name,Povoliť prihlásenie pomocou používateľského mena
Allow Modules,Povoliť moduly
Allow Multiple,Povoliť viacnásobné
Allow Print,Povoliť tlač
Allow Print for Cancelled,Povoliť tlač pre zrušené
Allow Print for Draft,Povolenie tlače pre návrh
Allow Read On All Link Options,Povoliť čítanie na všetkých možnostiach prepojenia
Allow Rename,Povoliť premenovanie
Allow Roles,Povolenie rolí
Allow Self Approval,Povoľte vlastné schválenie
Allow approval for creator of the document,Umožniť schválenie tvorcu dokumentu
Allow events in timeline,Povolenie udalostí na časovej osi
Allow in Quick Entry,Povolenie v rýchlom zadávaní
Allow on Submit,Povoliť na Odoslať
Allow only one session per user,Povolenie len jednej relácie na používateľa
Allow page break inside tables,Povolenie zalomenia stránky vo vnútri tabuliek
Allow saving if mandatory fields are not filled,"Povoliť ukladanie, ak nie sú vyplnené povinné polia"
Allow user to login only after this hour (0-24),Povoliť prihlásenie používateľa až po tejto hodine (0-24)
Allow user to login only before this hour (0-24),Povoliť prihlásenie používateľa len pred touto hodinou (0-24)
Allowed,Povolené
Allowed In Mentions,Povolené v zmienkach
"Allowing DocType, DocType. Be careful!","Povolenie DocType, DocType. Buďte opatrní!"
Already Registered,Už zaregistrované
Also adding the dependent currency field {0},Pridanie závislého menového poľa {0}
"Always add ""Draft"" Heading for printing draft documents","Vždy pridávajte záhlavie ""Návrh"" pre tlač návrhov dokumentov"
Always use Account's Email Address as Sender,Ako odosielateľa vždy používajte e-mailovú adresu účtu
Always use Account's Name as Sender's Name,Vždy používajte názov účtu ako názov odosielateľa
Amend,Zmeniť
Amending,Zmena a doplnenie
Amount Based On Field,Suma na základe poľa
Amount Field,Pole s čiastkou
Amount must be greater than 0.,Suma musí byť väčšia ako 0.
An error occured during the payment process. Please contact us.,"Počas procesu platby došlo k chybe. Kontaktujte nás, prosím."
An icon file with .ico extension. Should be 16 x 16 px. Generated using a favicon generator. [favicon-generator.org],Súbor ikony s príponou .ico. Mala by mať rozmery 16 x 16 px. Generuje sa pomocou generátora favicon. [favicon-generator.org]
Ancestors Of,Predkovia
Another transaction is blocking this one. Please try again in a few seconds.,"Túto transakciu blokuje iná transakcia. Skúste to, prosím, o niekoľko sekúnd znova."
"Another {0} with name {1} exists, select another name","Existuje ďalší {0} s názvom {1}, vyberte iný názov"
Any string-based printer languages can be used. Writing raw commands requires knowledge of the printer's native language provided by the printer manufacturer. Please refer to the developer manual provided by the printer manufacturer on how to write their native commands. These commands are rendered on the server side using the Jinja Templating Language.,"Možno použiť ľubovoľný reťazcový jazyk tlačiarne. Zápis nespracovaných príkazov si vyžaduje znalosť pôvodného jazyka tlačiarne, ktorý poskytuje výrobca tlačiarne. Informácie o tom, ako písať ich natívne príkazy, nájdete v príručke pre vývojárov, ktorú poskytuje výrobca tlačiarne. Tieto príkazy sa vykresľujú na strane servera pomocou jazyka Jinja Templating Language."
"Apart from System Manager, roles with Set User Permissions right can set permissions for other users for that Document Type.",Okrem Správcu systému môžu roly s právom Nastaviť oprávnenia používateľa nastaviť oprávnenia pre ostatných používateľov pre daný typ dokumentu.
Api Access,Prístup k rozhraniu Api
App,Aplikácia
App Access Key,Prístupový kľúč k aplikácii
App Client ID,ID klienta aplikácie
App Client Secret,Tajomstvo klienta aplikácie
App Name,Názov aplikácie
App Secret Key,Tajný kľúč aplikácie
App not found,Aplikácia nebola nájdená
App {0} already installed,Aplikácia {0} je už nainštalovaná
App {0} is not installed,Aplikácia {0} nie je nainštalovaná
Append To,Pripojiť k
Append To can be one of {0},Pripojiť k môže byť jedna z možností {0}
Append To is mandatory for incoming mails,Pripojiť k je povinné pre prichádzajúce e-maily
"Append as communication against this DocType (must have fields, ""Status"", ""Subject"")","Pripojiť ako komunikáciu proti tomuto typu dokumentu (musí mať polia, ""Status"", ""Subject"")"
Applicable Document Types,Uplatniteľné typy dokumentov
Apply,Aplikovať
Apply Strict User Permissions,Uplatnenie prísnych používateľských oprávnení
Apply To All Document Types,Použiť na všetky typy dokumentov
Apply this rule if the User is the Owner,"Uplatniť toto pravidlo, ak je používateľ vlastníkom"
Apply to all Documents Types,Použiť na všetky typy dokumentov
Appreciate,Oceniť
Appreciation,Ocenenie
Archive,Archív
Archived,Archivované
Archived Columns,Archivované stĺpce
Are you sure you want to delete the attachment?,"Ste si istí, že chcete prílohu odstrániť?"
Are you sure you want to relink this communication to {0}?,"Ste si istí, že chcete túto komunikáciu prepojiť na {0}?"
Are you sure?,Ste si istý?
Arial,Arial
"As a best practice, do not assign the same set of permission rule to different Roles. Instead, set multiple Roles to the same User.",V rámci osvedčených postupov nepriraďujte rovnakú sadu pravidiel oprávnení rôznym rolám. Namiesto toho nastavte rovnakému používateľovi viacero rolí.
Assign Condition,Priradenie podmienky
Assign To Users,Priradiť používateľom
"Assign one by one, in sequence",Priraďujte postupne
Assign to me,Priraďte mi
Assign to the one who has the least assignments,"Prideľte tomu, kto má najmenej úloh"
Assigned,Priradené
Assigned By,Priradené podľa
Assigned By Full Name,Priradené podľa celého názvu
Assigned By Me,Priradené mnou
Assigned To,Priradené k
Assigned To/Owner,Pridelené majiteľovi/vlastníkovi
Assignment,Zadanie
Assignment Complete,Úloha dokončená
Assignment Completed,Úloha dokončená
Assignment Rule,Pravidlo priradenia
Assignment Rule User,Pravidlo priradenia Používateľ
Assignment Rules,Pravidlá prideľovania
Assignment closed by {0},Priradenie uzavreté pomocou {0}
Assignment for {0} {1},Priradenie pre {0} {1}
Atleast one field of Parent Document Type is mandatory,Najmenej jedno pole typu nadradeného dokumentu je povinné
Attach,Pripojte stránku
Attach Document Print,Pripojiť dokument Tlač
Attach Image,Pripojiť obrázok
Attach Print,Pripojiť tlač
Attach Your Picture,Pripojte svoj obrázok
Attach file for Import,Pripojte súbor pre import
Attach files / urls and add in table.,Pripojte súbory/úradné adresy a pridajte ich do tabuľky.
Attached To DocType,Pripojené k DocType
Attached To Field,Pripojené k poľu
Attached To Name,Pripojené k názvu
Attachment Limit (MB),Limit prílohy (MB)
Attachment Removed,Odstránená príloha
Attempting Connection to QZ Tray...,Pokus o pripojenie k zásobníku QZ...
Attempting to launch QZ Tray...,Pokus o spustenie zásobníka QZ...
Auth URL Data,Auth URL Data
Authenticating...,Overovanie pravosti...
Authentication,Overovanie
Authentication Apps you can use are: ,"Aplikácie na overovanie, ktoré môžete použiť, sú:"
Authentication Credentials,Ohlasovacie poverenia
Authorization Code,Autorizačný kód
Authorize URL,Autorizácia adresy URL
Authorized,Autorizovaná stránka
Auto,Auto
Auto Email Report,Automatická e-mailová správa
Auto Name,Automatický názov
Auto Reply Message,Automatická odpoveď na správu
Auto assignment failed: {0},Automatické priradenie zlyhalo: {0}
Automatically Assign Documents to Users,Automatické priradenie dokumentov používateľom
Automation,Automatizácia
Avatar,Avatar
Average,Priemer
Average of {0},Priemerná hodnota {0}
Avoid dates and years that are associated with you.,"Vyhnite sa dátumom a rokom, ktoré sú s vami spojené."
Avoid recent years.,Vyhnite sa posledným rokom.
Avoid sequences like abc or 6543 as they are easy to guess,"Vyhnite sa sekvenciám ako abc alebo 6543, pretože sa dajú ľahko uhádnuť."
Avoid years that are associated with you.,"Vyhnite sa rokom, ktoré sú s vami spojené."
Awaiting Password,Čakanie na heslo
Away,Na stránke
BCC,BCC
Back to Desk,Späť na stôl
Back to Login,Späť na prihlásenie
Background Color,Farba pozadia
Background Email Queue,Fronta e-mailov na pozadí
Background Jobs,Pracovné miesta v pozadí
Background Workers,Pracovníci v pozadí
Backup,Zálohovanie
Backup Frequency,Frekvencia zálohovania
Backup Limit,Limit zálohovania
Backup job is already queued. You will receive an email with the download link,Úloha zálohovania je už zaradená do frontu. Dostanete e-mail s odkazom na stiahnutie
Backups,Zálohovanie
Banner,Banner
Banner HTML,Banner HTML
Banner Image,Bannerový obrázok
Banner is above the Top Menu Bar.,Banner sa nachádza nad hornou lištou ponuky.
Bar,Bar
Base Distinguished Name (DN),Základný rozlišovací názov (DN)
Based on Permissions For User,Na základe oprávnení pre používateľa
Beta,Beta
Better add a few more letters or another word,Radšej pridajte niekoľko ďalších písmen alebo iné slovo
Between,Medzi
Bio,Bio
Birth Date,Dátum narodenia
Block Module,Blokový modul
Block Modules,Blokové moduly
Blocked,Zablokované stránky
Blog,Blog
Blog Category,Kategória blogu
Blog Intro,Úvod do blogu
Blog Introduction,Úvod do blogu
Blog Post,Príspevok na blogu
Blog Settings,Nastavenia blogu
Blog Title,Názov blogu
Blogger,Bloger
Bot,Bot
Both DocType and Name required,Vyžaduje sa DocType aj Name
Both login and password required,Vyžaduje sa prihlasovacie meno aj heslo
Bounced,Odrazené
Braintree Settings,Nastavenia Braintree
Braintree payment gateway settings,Nastavenia platobnej brány Braintree
Brand HTML,Značka HTML
Brand Image,Obraz značky
Breadcrumbs,Drobky
Browser not supported,Prehliadač nie je podporovaný
Brute Force Security,Zabezpečenie hrubou silou
Build Report,Správa o zostavení
Bulk Delete,Hromadné vymazanie
Bulk Edit {0},Hromadné úpravy {0}
Bulk Rename,Hromadné premenovanie
Bulk Update,Hromadná aktualizácia
Button,Tlačidlo
Button Help,Pomocné tlačidlo
Button Label,Štítok tlačidla
Bypass Two Factor Auth for users who login from restricted IP Address,"Obchádzanie dvojfaktorovej autorizácie pre používateľov, ktorí sa prihlásia z obmedzenej IP adresy"
Bypass restricted IP Address check If Two Factor Auth Enabled,"Obídenie kontroly adresy IP s obmedzeným prístupom, ak je zapnuté dvojfaktorové overovanie"
CC,CC
"CC, BCC & Email Template","Šablóna CC, BCC a e-mailu"
CSS,CSS
CSV,CSV
Cache Cleared,Vymazanie vyrovnávacej pamäte
Calculate,Vypočítajte
Calendar Name,Názov kalendára
Calendar View,Zobrazenie kalendára
Call,Zavolajte na
Can Read,Môže čítať
Can Share,Môže zdieľať
Can Write,Môže písať
Can't identify open {0}. Try something else.,Nie je možné identifikovať otvorené {0}. Skúste niečo iné.
Can't save the form as data import is in progress.,"Formulár nie je možné uložiť, pretože prebieha import údajov."
Cancel {0} documents?,Zrušiť {0} dokumentov?
Cancelled Document restored as Draft,Zrušený dokument obnovený ako návrh
Cancelling,Zrušenie
Cancelling {0},Zrušenie {0}
Cannot Remove,Nemožno odstrániť
Cannot cancel before submitting. See Transition {0},Nie je možné zrušiť pred odoslaním. Pozri Prechod {0}
Cannot change docstatus from 0 to 2,Nemožno zmeniť docstatus z 0 na 2
Cannot change docstatus from 1 to 0,Nemožno zmeniť docstatus z 1 na 0
Cannot change header content,Nie je možné zmeniť obsah hlavičky
Cannot change state of Cancelled Document. Transition row {0},Nie je možné zmeniť stav zrušeného dokumentu. Prechodový riadok {0}
Cannot change user details in demo. Please signup for a new account at https://erpnext.com,V ukážke nie je možné zmeniť údaje používateľa. Zaregistrujte sa na nový účet na adrese https://erpnext.com.
Cannot create a {0} against a child document: {1},Nie je možné vytvoriť {0} voči podriadenému dokumentu: {1}
Cannot delete Home and Attachments folders,Nie je možné odstrániť priečinky Domov a Prílohy
Cannot delete file as it belongs to {0} {1} for which you do not have permissions,"Nemožno odstrániť súbor, pretože patrí {0} {1}, ku ktorému nemáte oprávnenia"
Cannot delete or cancel because {0} {1} is linked with {2} {3} {4},"Nemožno vymazať ani zrušiť, pretože {0} {1} je prepojené s {2} {3} {4}"
Cannot delete standard field. You can hide it if you want,"Nie je možné odstrániť štandardné pole. Ak chcete, môžete ho skryť"
Cannot delete {0},Nemožno vymazať {0}
Cannot delete {0} as it has child nodes,"Nemožno odstrániť {0}, pretože má podradené uzly"
"Cannot edit Standard Notification. To edit, please disable this and duplicate it","Nie je možné upraviť štandardné oznámenie. Ak chcete upravovať, vypnite ho a duplikujte."
Cannot edit a standard report. Please duplicate and create a new report,Nie je možné upraviť štandardnú správu. Zduplikujte a vytvorte novú správu
Cannot edit cancelled document,Nie je možné upraviť zrušený dokument
Cannot edit standard fields,Nemožno upravovať štandardné polia
Cannot have multiple printers mapped to a single print format.,Nie je možné mapovať viacero tlačiarní na jeden formát tlače.
Cannot link cancelled document: {0},Nie je možné prepojiť zrušený dokument: {0}
Cannot map because following condition fails: ,"Nemožno mapovať, pretože nasledujúca podmienka zlyháva:"
Cannot move row,Nie je možné presunúť riadok
Cannot open instance when its {0} is open,"Nie je možné otvoriť inštanciu, keď je otvorená jej {0}"
Cannot open {0} when its instance is open,"Nemožno otvoriť {0}, keď je jeho inštancia otvorená"
Cannot remove ID field,Nie je možné odstrániť pole ID
Cannot set Notification on Document Type {0},Nie je možné nastaviť oznámenie na typ dokumentu {0}
Cannot update {0},Nemožno aktualizovať {0}
Cannot use sub-query in order by,Nemožno použiť poddotaz v poradí podľa
Cannot {0} {1},Nemôže {0} {1}
Capitalization doesn't help very much.,Písanie veľkých písmen veľmi nepomáha.
Card Details,Podrobnosti o karte
Categorize blog posts.,Kategorizujte príspevky na blogu.
Category Description,Kategória Popis
Cent,Cent
"Certain documents, like an Invoice, should not be changed once final. The final state for such documents is called Submitted. You can restrict which roles can Submit.","Niektoré dokumenty, ako napríklad faktúra, by sa po dokončení nemali meniť. Konečný stav takýchto dokladov sa nazýva Odoslaný. Môžete obmedziť, ktoré roly môžu Odoslať."
Chain Integrity,Integrita reťazca
Chaining Hash,Reťazenie Hash
Change Label (via Custom Translation),Zmena štítku (prostredníctvom vlastného prekladu)
Change Password,Zmena hesla
"Change field properties (hide, readonly, permission etc.)","Zmena vlastností poľa (skryť, len na čítanie, povolenie atď.)"
Channel,Kanál
Chart Name,Názov grafu
Chart Options,Možnosti grafu
Chart Source,Zdroj grafu
Chart Type,Typ grafu
Charts,Grafy
Chat,Chat
Chat Background,Pozadie chatu
Chat Message,Správa na chate
Chat Operators,Operátori chatu
Chat Profile,Profil chatu
Chat Profile for User {0} exists.,Profil chatu pre používateľa {0} existuje.
Chat Room,Chatovacia miestnosť
Chat Room Name,Názov chatovacej miestnosti
Chat Room User,Používateľ chatovacej miestnosti
Chat Token,Token chatu
Chat Type,Typ chatu
Chat messages and other notifications.,Správy v chate a iné oznámenia.
Check,Skontrolujte stránku .
Check Request URL,URL adresa žiadosti o kontrolu
"Check columns to select, drag to set order.","Označte stĺpce, ktoré chcete vybrať, a potiahnutím nastavte poradie."
Check this if you are testing your payment using the Sandbox API,"Toto začiarknite, ak testujete platbu pomocou rozhrania Sandbox API"
Check this to pull emails from your mailbox,"Začiarknite túto možnosť, ak chcete vytiahnuť e-maily zo svojej poštovej schránky"
Check which Documents are readable by a User,"Skontrolovať, ktoré dokumenty môže používateľ čítať"
Checking one moment,Kontrola jedného momentu
Checksum Version,Kontrolný súčet Verzia
Child Table Mapping,Mapovanie detských tabuliek
Child Tables are shown as a Grid in other DocTypes,Detské tabuľky sa zobrazujú ako mriežka v iných typoch dokumentov
Choose authentication method to be used by all users,"Výber metódy overovania, ktorú majú používať všetci používatelia"
Clear Error Logs,Vymazanie protokolov o chybách
Clear User Permissions,Vymazanie oprávnení používateľa
Clear all roles,Vymazať všetky úlohy
"Clearing end date, as it cannot be in the past for published pages.","Vymazanie dátumu ukončenia, pretože v prípade publikovaných stránok nemôže byť v minulosti."
Click here to post bugs and suggestions,Kliknutím sem môžete posielať chyby a návrhy
Click here to verify,Kliknutím sem overíte
Click on the link below to complete your registration and set a new password,Kliknutím na odkaz nižšie dokončíte svoju registráciu a nastavíte nové heslo
Click on the link below to download your data,Kliknutím na nižšie uvedené prepojenie si môžete stiahnuť svoje údaje
Click on the link below to verify your request,Kliknutím na odkaz nižšie overíte svoju žiadosť
Click table to edit,Kliknutím na tabuľku upravíte
Click to Set Filters,Kliknutím nastavíte filtre
Clicked,Kliknite na
Client Credentials,Splnomocnenia klienta
Client Information,Informácie o klientovi
Client Script,Skript klienta
Client URLs,Adresy URL klienta
Client side script extensions in Javascript,Rozšírenia skriptov na strane klienta v jazyku Javascript
Collapsible,Skladacie
Collapsible Depends On,Skladacie Závisí od
Column,Stĺpec
Column <b>{0}</b> already exist.,Stĺpec <b>{0}</b> už existuje.
Column Break,Prerušenie stĺpca
Column Labels:,Štítky stĺpcov:
Column Name,Názov stĺpca
Column Name cannot be empty,Názov stĺpca nemôže byť prázdny
Columns,Stĺpce
Columns based on,Stĺpce založené na
Combination of Grant Type (<code>{0}</code>) and Response Type (<code>{1}</code>) not allowed,Kombinácia typu grantu (<code>{0}</code>) a typu odpovede (<code>{1}</code>) nie je povolená
Comment By,Komentár od
Comment Email,Komentár E-mail
Comment Type,Typ komentára
Comment can only be edited by the owner,Komentár môže upravovať iba vlastník
Commented on {0}: {1},Komentované na {0}: {1}
Comments and Communications will be associated with this linked document,Pripomienky a oznámenia budú spojené s týmto prepojeným dokumentom
Comments cannot have links or email addresses,Komentáre nemôžu obsahovať odkazy alebo e-mailové adresy
Common names and surnames are easy to guess.,Bežné mená a priezviská sa dajú ľahko uhádnuť.
Communicated via {0} on {1}: {2},Komunikuje sa prostredníctvom {0} na {1}: {2}
Communication Type,Typ komunikácie
Company History,História spoločnosti
Company Introduction,Predstavenie spoločnosti
Compiled Successfully,Úspešne skompilované
Complete By,Dokončiť podľa
Complete Registration,Kompletná registrácia
Complete Setup,Kompletné nastavenie
Compose Email,Vytvoriť e-mail
Condition Detail,Detail stavu
Conditions,Podmienky
Configure Chart,Konfigurácia grafu
Configure Charts,Konfigurácia grafov
Confirm,Potvrďte
Confirm Deletion of Data,Potvrdenie odstránenia údajov
Confirm Request,Potvrdiť žiadosť
Confirm Your Email,Potvrďte svoj e-mail
Confirmed,Potvrdené
Connected to QZ Tray!,Pripojené k zásobníku QZ!
Connection Name,Názov pripojenia
Connection Success,Úspech pripojenia
Connection lost. Some features might not work.,Strata spojenia. Niektoré funkcie nemusia fungovať.
Connector Name,Názov konektora
Connector Type,Typ konektora
Contact Us Settings,Nastavenia Kontaktujte nás
"Contact options, like ""Sales Query, Support Query"" etc each on a new line or separated by commas.","Možnosti kontaktu, ako napríklad ""Sales Query, Support Query"" atď., každú na novom riadku alebo oddelenú čiarkami."
Contacts,Kontakty
Content (HTML),Obsah (HTML)
Content (Markdown),Obsah (Markdown)
Content Hash,Obsah Hash
Content web page.,Obsah webovej stránky.
Conversation Tones,Tóny konverzácie
Copyright,Autorské práva
Core,Jadro
Core DocTypes cannot be customized.,Základné typy dokumentov nie je možné prispôsobiť.
Could not connect to outgoing email server,Nepodarilo sa pripojiť k odchádzajúcemu e-mailovému serveru
Could not find {0},Nepodarilo sa nájsť {0}
Could not find {0} in {1},Nepodarilo sa nájsť {0} v {1}
Could not identify {0},Nepodarilo sa identifikovať {0}
Count,Počítajte
Country Name,Názov krajiny
County,Okres
Create Chart,Vytvoriť graf
Create New,Vytvoriť nový
Create Post,Vytvoriť príspevok
Create User Email,Vytvorenie e-mailu používateľa
Create a New Format,Vytvorenie nového formátu
Create a new record,Vytvorenie nového záznamu
Create a new {0},Vytvorenie nového {0}
Create and Send Newsletters,Vytváranie a odosielanie informačných bulletinov
Create and manage newsletter,Vytvorenie a správa informačného bulletinu
Created,Vytvorené
Created Custom Field {0} in {1},Vytvorené vlastné pole {0} v {1}
Created On,Vytvorené na
Criticism,Kritika
Criticize,Kritizujte
Ctrl + Down,Ctrl + Down
Ctrl + Up,Ctrl + nahor
Ctrl+Enter to add comment,Ctrl+Enter na pridanie komentára
Currency Name,Názov meny
Currency Precision,Presnosť meny
Current Mapping,Aktuálne mapovanie
Current Mapping Action,Aktuálna akcia mapovania
Current Mapping Delete Start,Aktuálne mapovanie Vymazať začiatok
Current Mapping Start,Aktuálny začiatok mapovania
Current Mapping Type,Aktuálny typ mapovania
Currently Viewing,Momentálne prezeranie
Currently updating {0},Aktuálne sa aktualizuje {0}
Custom,Vlastné
Custom Base URL,Vlastná základná adresa URL
Custom CSS,Vlastné CSS
Custom DocPerm,Vlastné DocPerm
Custom Field,Vlastné pole
Custom Fields can only be added to a standard DocType.,Vlastné polia možno pridať len do štandardného typu dokumentu.
Custom Fields cannot be added to core DocTypes.,Vlastné polia nie je možné pridať do základných typov dokumentov.
Custom Format,Vlastný formát
Custom HTML Help,Vlastná nápoveda HTML
Custom JS,Vlastný JS
Custom Menu Items,Vlastné položky ponuky
Custom Report,Vlastná správa
Custom Reports,Vlastné správy
Custom Role,Vlastná úloha
Custom Script,Vlastný skript
Custom Sidebar Menu,Vlastné menu bočného panela
Custom Translations,Vlastné preklady
Customization,Prispôsobenie
Customizations Reset,Resetovanie prispôsobení
Customizations for <b>{0}</b> exported to:<br>{1},Prispôsobenia pre <b>{0}</b> exportované do:<br>{1}
Customize Form,Prispôsobenie formulára
Customize Form Field,Prispôsobenie poľa formulára
"Customize Label, Print Hide, Default etc.","Prispôsobenie štítku, Skrytie tlače, Predvolené atď."
Customize...,Prispôsobenie...
"Customized Formats for Printing, Email","Prispôsobené formáty pre tlač, e-mail"
Customized HTML Templates for printing transactions.,Prispôsobené šablóny HTML na tlač transakcií.
Cut,Rez
DESC,DESC
Daily Event Digest is sent for Calendar Events where reminders are set.,"Denný prehľad udalostí sa odosiela pre udalosti kalendára, pri ktorých sú nastavené pripomenutia."
Danger,Nebezpečenstvo
Dark Color,Tmavá farba
Dashboard Chart,Graf prístrojovej dosky
Dashboard Chart Link,Odkaz na graf prístrojovej dosky
Dashboard Chart Source,Zdroj grafu prístrojovej dosky
Dashboard Name,Názov prístrojovej dosky
Dashboards,Prístrojové panely
Data,Údaje
Data Export,Export údajov
Data Import,Import údajov
Data Import Template,Šablóna na import údajov
Data Migration,Migrácia údajov
Data Migration Connector,Konektor na migráciu údajov
Data Migration Mapping,Mapovanie migrácie údajov
Data Migration Mapping Detail,Detail mapovania migrácie údajov
Data Migration Plan,Plán migrácie údajov
Data Migration Plan Mapping,Mapovanie plánu migrácie údajov
Data Migration Run,Spustenie migrácie údajov
Data missing in table,Chýbajúce údaje v tabuľke
Database Engine,Databázový motor
Database Name,Názov databázy
Date and Number Format,Formát dátumu a čísla
Date {0} must be in format: {1},Dátum {0} musí byť vo formáte: {1}
Dates are often easy to guess.,Dátumy sa často dajú ľahko odhadnúť.
Day of Week,Deň v týždni
Days After,Dni po
Days Before,Dni pred
Days Before or After,Dni pred alebo po
"Dear System Manager,","Vážený správca systému,"
"Dear User,","Vážený používateľ,"
Dear {0},Vážený {0}
Default Address Template cannot be deleted,Predvolenú šablónu adresy nie je možné odstrániť
Default Inbox,Predvolená schránka
Default Incoming,Predvolené prichádzajúce
Default Outgoing,Predvolené odchádzajúce
Default Print Format,Predvolený formát tlače
Default Print Language,Predvolený jazyk tlače
Default Redirect URI,Predvolené presmerovanie URI
Default Role at Time of Signup,Predvolená úloha v čase registrácie
Default Sending,Predvolené odosielanie
Default Sending and Inbox,Predvolené odosielanie a doručená pošta
Default Sort Field,Predvolené pole triedenia
Default Sort Order,Predvolené poradie triedenia
Default Value,Predvolená hodnota
"Default: ""Contact Us""","Predvolené nastavenie: ""Kontaktujte nás"""
DefaultValue,DefaultValue
Define workflows for forms.,Definujte pracovné postupy pre formuláre.
Defines actions on states and the next step and allowed roles.,Definuje akcie na stavy a ďalší krok a povolené roly.
Defines workflow states and rules for a document.,Definuje stavy a pravidlá pracovného postupu pre dokument.
Delayed,Oneskorené
Delete Data,Odstránenie údajov
Delete comment?,Vymazať komentár?
Delete this record to allow sending to this email address,Odstránenie tohto záznamu na povolenie odosielania na túto e-mailovú adresu
Delete {0} items permanently?,Odstrániť natrvalo položky {0}?
Deleted,Odstránené
Deleted DocType,Odstránený DocType
Deleted Document,Odstránený dokument
Deleted Documents,Odstránené dokumenty
Deleted Name,Vymazaný názov
Deleting {0},Odstránenie {0}
Depends On,Závisí od
Descendants Of,Potomkovia
Desk,Pracovný stôl
Desk Access,Prístup k pracovnému stolu
Desktop Icon,Ikona na pracovnej ploche
Desktop Icon already exists,Ikona na ploche už existuje
Developer,Vývojár
Did not add,Nepridal
Did not cancel,Nezrušil
Did not find {0} for {0} ({1}),Nenašiel {0} pre {0} ({1})
Did not remove,Neodstránil
"Different ""States"" this document can exist in. Like ""Open"", ""Pending Approval"" etc.","Rôzne ""stavy"", v ktorých môže tento dokument existovať. Napríklad ""Otvorený"", ""Čaká na schválenie"" atď."
Direct,Priamy
Direct room with {0} already exists.,Priama miestnosť s {0} už existuje.
Disable Auto Refresh,Zakázať automatické obnovovanie
Disable Count,Zakázať počítanie
Disable Customer Signup link in Login page,Zakázanie odkazu Registrácia zákazníka na prihlasovacej stránke
Disable Prepared Report,Zakázať pripravenú správu
Disable Report,Zakázať správu
Disable SMTP server authentication,Zakázanie overovania servera SMTP
Disable Sidebar Stats,Zakázanie štatistík bočného panela
Disable Signup,Zakázať registráciu
Disable Standard Email Footer,Zakázanie štandardnej päty e-mailu
Discard,Vyradiť
Display,Zobrazenie
Display Depends On,Zobrazenie závisí od
Do not allow user to change after set the first time,Nepovoľte používateľovi zmenu po prvom nastavení
Do not edit headers which are preset in the template,"Neupravujte záhlavia, ktoré sú prednastavené v šablóne"
Do not send Emails,Neposielajte e-maily
Doc Event,Udalosť Doc
Doc Events,Udalosti Doc
Doc Status,Stav dokumentu
DocField,Pole DocField
DocPerm,DocPerm
DocShare,DocShare
DocType <b>{0}</b> provided for the field <b>{1}</b> must have atleast one Link field,Typ dokumentu <b>{0}</b> uvedený pre pole <b>{1}</b> musí mať aspoň jedno pole Odkaz
DocType can not be merged,DocType nie je možné zlúčiť
DocType can only be renamed by Administrator,DocType môže premenovať iba správca
DocType is a Table / Form in the application.,DocType je tabuľka/formulár v aplikácii.
DocType must be Submittable for the selected Doc Event,DocType musí byť Submittable pre vybranú udalosť dokumentu
DocType on which this Workflow is applicable.,"Typ dokumentu, na ktorý sa tento pracovný postup vzťahuje."
"DocType's name should start with a letter and it can only consist of letters, numbers, spaces and underscores","Názov DocType by mal začínať písmenom a môže sa skladať len z písmen, číslic, medzier a podčiarkovníkov"
Doctype required,Požadovaný typ dokladu
Document,Dokument
Document Follow,Sledovanie dokumentov
Document Follow Notification,Oznámenie o sledovaní dokumentu
Document Queued,Dokument zaradený do frontu
Document Restored,Obnovený dokument
Document Share Report,Správa o zdieľaní dokumentov
Document States,Štáty dokumentu
Document Type is not importable,Typ dokumentu nie je možné importovať
Document Type is not submittable,Typ dokumentu nie je možné odoslať
Document Type to Track,Typ dokumentu na sledovanie
Document Types,Typy dokumentov
Document can't saved.,Dokument nemožno uložiť.
Document {0} has been set to state {1} by {2},Dokument {0} bol nastavený do stavu {1} pomocou {2}
Documents,Dokumenty
Documents assigned to you and by you.,"Dokumenty, ktoré vám boli pridelené a ktoré vám boli pridelené."
Domain Settings,Nastavenia domény
Domains HTML,Domény HTML
"Don't HTML Encode HTML tags like &lt;script&gt; or just characters like &lt; or &gt;, as they could be intentionally used in this field","Nekódovať HTML značky ako &lt;script&gt; alebo len znaky ako &lt; alebo &gt;, pretože by mohli byť zámerne použité v tomto poli."
Don't Override Status,Neprepisujte stav
Don't create new records,Nevytvárajte nové záznamy
Don't have an account? Sign up,Nemáte účet? Zaregistrujte sa
"Don't know, ask 'help'","Neviete, požiadajte o pomoc"
Download Data,Stiahnite si údaje
Download Files Backup,Stiahnutie súborov Zálohovanie
Download Link,Odkaz na stiahnutie
Download Report,Stiahnite si správu
Download Your Data,Stiahnite si svoje údaje
Download link for your backup will be emailed on the following email address: {0},Odkaz na stiahnutie zálohy vám bude zaslaný na nasledujúcu e-mailovú adresu: {0}
Download with Data,Stiahnutie s údajmi
Drag and Drop tool to build and customize Print Formats.,Nástroj Drag and Drop na vytváranie a prispôsobovanie tlačových formátov.
Drag elements from the sidebar to add. Drag them back to trash.,Prvky z bočného panela môžete pridávať ťahaním. Potiahnite ich späť do koša.
Dropbox Access Key,Prístupový kľúč k službe Dropbox
Dropbox Access Secret,Tajný prístup k službe Dropbox
Dropbox Access Token,Prístupový token služby Dropbox
Dropbox Settings,Nastavenia služby Dropbox
Dropbox Setup,Nastavenie služby Dropbox
Dropbox access is approved!,Prístup do služby Dropbox je schválený!
Dropbox backup settings,Nastavenia zálohovania služby Dropbox
Duplicate Filter Name,Duplicitný názov filtra
Dynamic Link,Dynamické prepojenie
Dynamic Report Filters,Dynamické filtre správ
ESC,ESC
Edit Auto Email Report Settings,Úprava nastavení automatickej e-mailovej správy
Edit Custom HTML,Úprava vlastného HTML
Edit DocType,Upraviť DocType
Edit Filter,Upraviť filter
Edit Format,Upraviť formát
Edit HTML,Upraviť HTML
Edit Heading,Upraviť nadpis
Edit Properties,Upraviť vlastnosti
Edit to add content,Úprava na pridanie obsahu
Edit {0},Upraviť {0}
Editable Grid,Upraviteľná mriežka
Editing Row,Riadok úprav
Eg. smsgateway.com/api/send_sms.cgi,Napr. smsgateway.com/api/send_sms.cgi
Email Account Name,Názov e-mailového konta
Email Account added multiple times,E-mailové konto pridané viackrát
Email Addresses,E-mailové adresy
Email Domain,E-mailová doména
"Email Domain not configured for this account, Create one?","E-mailová doména nie je nakonfigurovaná pre toto konto, Vytvoriť?"
Email Flag Queue,Fronta príznakov e-mailu
Email Footer Address,E-mailová adresa v pätičke
Email Group,E-mailová skupina
Email Group List,Zoznam e-mailových skupín
Email Group Member,E-mail Člen skupiny
Email Login ID,E-mailové prihlasovacie ID
Email Queue,Fronta e-mailov
Email Queue Recipient,Príjemca e-mailovej fronty
Email Queue records.,Záznamy e-mailovej fronty.
Email Reply Help,Pomoc pri odpovedi na e-mail
Email Rule,Pravidlo e-mailu
Email Server,E-mailový server
Email Settings,Nastavenia e-mailu
Email Signature,E-mailový podpis
Email Status,Stav e-mailu
Email Sync Option,Možnosť synchronizácie e-mailu
Email Templates for common queries.,E-mailové šablóny pre bežné otázky.
Email To,E-mail na
Email Unsubscribe,Odhlásenie z odberu e-mailu
Email has been marked as spam,E-mail bol označený ako spam
Email has been moved to trash,E-mail bol presunutý do koša
Email not sent to {0} (unsubscribed / disabled),E-mail nebol odoslaný na adresu {0} (odhlásený/vypnutý)
Email not verified with {0},E-mail nie je overený pomocou {0}
Emails are muted,E-maily sú stlmené
Emails will be sent with next possible workflow actions,Budú odoslané e-maily s ďalšími možnými akciami pracovného postupu
Embed image slideshows in website pages.,Vkladanie prezentácií obrázkov do webových stránok.
Enable / Disable Domains,Povolenie / zakázanie domén
Enable Auto Reply,Povolenie automatickej odpovede
Enable Automatic Backup,Povolenie automatického zálohovania
Enable Chat,Povolenie chatu
Enable Comments,Povoliť komentáre
Enable Incoming,Povoliť prichádzajúce
Enable Outgoing,Povolenie odchádzajúcich
Enable Password Policy,Povolenie zásad hesla
Enable Print Server,Povolenie tlačového servera
Enable Raw Printing,Povolenie surovej tlače
Enable Report,Povolenie správy
Enable Scheduled Jobs,Povolenie naplánovaných úloh
Enable Social Login,Povolenie prihlásenia cez sociálne siete
Enable Two Factor Auth,Povolenie dvojfaktorového overovania
Enabled email inbox for user {0},Povolená e-mailová schránka pre používateľa {0}
"Encryption key is invalid, Please check site_config.json","Šifrovací kľúč je neplatný, skontrolujte site_config.json"
End Date Field,Pole s dátumom ukončenia
End Date cannot be before Start Date!,Dátum ukončenia nemôže byť skorší ako dátum začiatku!
Endpoint URL,Adresa URL koncového bodu
Energy Point Log,Denník energetických bodov
Energy Point Rule,Pravidlo energetického bodu
Energy Point Settings,Nastavenia energetického bodu
Energy Points,Energetické body
Enter Email Recipient(s),Zadajte príjemcu(-ov) e-mailu
Enter Form Type,Zadajte typ formulára
"Enter default value fields (keys) and values. If you add multiple values for a field, the first one will be picked. These defaults are also used to set ""match"" permission rules. To see list of fields, go to ""Customize Form"".","Zadajte predvolené polia hodnôt (kľúče) a hodnoty. Ak pre pole pridáte viacero hodnôt, vyberie sa prvá z nich. Tieto predvolené hodnoty sa používajú aj na nastavenie pravidiel oprávnenia ""zhody"". Ak chcete zobraziť zoznam polí, prejdite do časti ""Prispôsobiť formulár""."
Enter folder name,Zadajte názov priečinka
"Enter keys to enable login via Facebook, Google, GitHub.","Zadajte kľúče, aby ste umožnili prihlásenie cez Facebook, Google, GitHub."
Enter python module or select connector type,Zadajte modul pythonu alebo vyberte typ konektora
"Enter static url parameters here (Eg. sender=ERPNext, username=ERPNext, password=1234 etc.)","Zadajte tu statické parametre url (napr. odosielateľ=ERPNext, používateľské meno=ERPNext, heslo=1234 atď.)"
Enter url parameter for message,Zadajte parameter url pre správu
Enter url parameter for receiver nos,Zadajte parameter url pre príjemcu nos
Enter your password,Zadajte svoje heslo
Entity Name,Názov subjektu
Equals,Rovná sa
Error Message,Chybová správa
Error Report,Správa o chybe
Error Snapshot,Snímka chyby
Error in Custom Script,Chyba vo vlastnom skripte
Error in Notification,Chyba v oznámení
Error in Notification: {},Chyba v oznámení: {}
Error while connecting to email account {0},Chyba pri pripájaní k e-mailovému kontu {0}
Error while evaluating Notification {0}. Please fix your template.,"Chyba pri vyhodnocovaní oznámenia {0}. Prosím, opravte svoju šablónu."
Error: Document has been modified after you have opened it,Chyba: Dokument bol upravený po otvorení
Error: Value missing for {0}: {1},Chyba: Chýba hodnota pre {0}: {1}
Errors in Background Events,Chyby v udalostiach na pozadí
Event Category,Kategória podujatia
Event Participants,Účastníci podujatia
Event Type,Typ podujatia
Event and other calendars.,Kalendáre podujatí a iné kalendáre.
Events in Today's Calendar,Udalosti v dnešnom kalendári
Everyone,Každý
Example,Príklad
Example Email Address,Príklad e-mailovej adresy
Example: {{ subject }},Príklad: {{ predmet }}
Excel,Excel
Exception,Výnimka
Exception Type,Typ výnimky
Execution Time: {0} sec,Čas vykonania: {0} sek.
Expert,Odborník
Expiration time,Čas exspirácie
Expire Notification On,Upozornenie na vypršanie platnosti
Expires In,Platnosť končí v
Expiry time of QR Code Image Page,Čas vypršania platnosti stránky s obrázkom QR kódu
Export All {0} rows?,Exportovať všetky {0} riadky?
Export Custom Permissions,Exportovanie vlastných oprávnení
Export Customizations,Prispôsobenia exportu
Export Data,Export údajov
Export Data in CSV / Excel format.,Export údajov vo formáte CSV / Excel.
Export Report: {0},Správa o exporte: {0}
Expose Recipients,Odhaľte príjemcov
"Expression, Optional","Výraz, voliteľný"
Facebook,Facebook
Failed to complete setup,Nastavenie sa nepodarilo dokončiť
Failed to connect to server,Nepodarilo sa pripojiť k serveru
Failed while amending subscription,Zlyhanie pri zmene odberu
FavIcon,FavIcon
Feedback Request,Žiadosť o spätnú väzbu
Fetch From,Prevziať z
Fetch If Empty,Fetch Ak je prázdny
Fetch Images,Získavanie obrázkov
Fetch attached images from document,Stiahnutie priložených obrázkov z dokumentu
"Field ""route"" is mandatory for Web Views","Pole ""route"" je povinné pre webové zobrazenia"
"Field ""value"" is mandatory. Please specify value to be updated","Pole ""value"" je povinné. Uveďte hodnotu, ktorá sa má aktualizovať"
Field Description,Popis poľa
Field Maps,Mapy polí
Field Type,Typ poľa
"Field that represents the Workflow State of the transaction (if field is not present, a new hidden Custom Field will be created)","Pole, ktoré predstavuje stav pracovného postupu transakcie (ak pole nie je prítomné, vytvorí sa nové skryté vlastné pole)"
Field to Track,Z ihriska na dráhu
Field type cannot be changed for {0},Typ poľa nie je možné zmeniť pre {0}
Field {0} not found.,Pole {0} nebolo nájdené.
Fieldname is limited to 64 characters ({0}),Názov poľa je obmedzený na 64 znakov ({0})
Fieldname not set for Custom Field,Názov poľa nie je nastavený pre vlastné pole
Fieldname which will be the DocType for this link field.,"Fieldname, ktorý bude DocType pre toto pole odkazu."
Fieldname {0} cannot have special characters like {1},Názov poľa {0} nemôže obsahovať špeciálne znaky ako {1}
Fieldname {0} conflicting with meta object,Názov poľa {0} je v rozpore s metaobjektom
Fields Multicheck,Polia Multicheck
"Fields separated by comma (,) will be included in the ""Search By"" list of Search dialog box","Polia oddelené čiarkou (,) budú zahrnuté do zoznamu ""Hľadať podľa"" v dialógovom okne Hľadať"
Fieldtype,Typ poľa
Fieldtype cannot be changed from {0} to {1} in row {2},Typ poľa nemožno zmeniť z {0} na {1} v riadku {2}
File '{0}' not found,Súbor '{0}' nebol nájdený
File Backup,Zálohovanie súborov
File Name,Názov súboru
File Size,Veľkosť súboru
File Type,Typ súboru
File URL,Adresa URL súboru
File Upload,Nahrávanie súborov
File Upload Disconnected. Please try again.,Odosielanie súborov je odpojené. Skúste to prosím znova.
File Upload in Progress. Please try again in a few moments.,"Prebieha nahrávanie súborov. Prosím, skúste to znova o niekoľko okamihov."
File backup is ready,Zálohovanie súborov je pripravené
File not attached,Súbor nie je pripojený
File size exceeded the maximum allowed size of {0} MB,Veľkosť súboru prekročila maximálnu povolenú veľkosť {0} MB
File too big,Príliš veľký súbor
File {0} does not exist,Súbor {0} neexistuje
Files,Súbory
Filter,Filter
Filter Data,Filtrovanie údajov
Filter List,Zoznam filtrov
Filter Meta,Filter Meta
Filter Name,Názov filtra
Filter Values,Hodnoty filtra
Filter must be a tuple or list (in a list),Filter musí byť tuple alebo zoznam (v zozname)
"Filter must have 4 values (doctype, fieldname, operator, value): {0}","Filter musí mať 4 hodnoty (doctype, fieldname, operator, value): {0}"
Filter...,Filter...
"Filtered by ""{0}""","Filtrované podľa ""{0}"""
Filters Display,Zobrazenie filtrov
Filters JSON,Filtre JSON
Filters saved,Uložené filtre
Find {0} in {1},Nájdite {0} v {1}
First Level,Prvá úroveň
First Success Message,Prvá správa o úspechu
First Transaction,Prvá transakcia
First data column must be blank.,Prvý stĺpec údajov musí byť prázdny.
First set the name and save the record.,Najprv nastavte názov a uložte záznam.
Flag,Vlajka
Float,Plavák
Float Precision,Presnosť plávania
Fold,Zložiť
Fold can not be at the end of the form,Prehyb nemôže byť na konci formulára
Fold must come before a Section Break,Zložiť sa musí pred prestávkou v sekcii
Folder,Priečinok
Folder name should not include '/' (slash),Názov priečinka by nemal obsahovať '/' (lomítko)
Folder {0} is not empty,Priečinok {0} nie je prázdny
Follow,Sledujte
Followed by,Po ňom nasleduje
Following fields are missing:,Chýbajú nasledujúce polia:
Following fields have missing values:,V nasledujúcich poliach chýbajú hodnoty:
Font,Písmo
Font Size,Veľkosť písma
Fonts,Fonty
Footer,Zápätie
Footer HTML,Pätička HTML
Footer Items,Položky v päte
Footer will display correctly only in PDF,Pätička sa zobrazí správne iba v PDF
For Document Type,Pre typ dokumentu
"For Links, enter the DocType as range.\nFor Select, enter list of Options, each on a new line.","Pre odkazy zadajte typ dokumentu ako rozsah.\nPre výber zadajte zoznam možností, každú na novom riadku."
For User,Pre používateľa
For Value,Pre hodnotu
"For currency {0}, the minimum transaction amount should be {1}",Pre menu {0} by minimálna suma transakcie mala byť {1}
For example if you cancel and amend INV004 it will become a new document INV004-1. This helps you to keep track of each amendment.,"Ak napríklad zrušíte a zmeníte doklad INV004, stane sa z neho nový doklad INV004-1. To vám pomôže sledovať každú zmenu a doplnenie."
"For example: If you want to include the document ID, use {0}","Napríklad: Ak chcete uviesť ID dokumentu, použite {0}"
"For updating, you can update only selective columns.",Pri aktualizácii môžete aktualizovať len vybrané stĺpce.
For {0} at level {1} in {2} in row {3},Pre {0} na úrovni {1} v {2} v riadku {3}
Force,Sila
Force Show,Ukážka sily
Forgot Password,Zabudnuté heslo
Forgot Password?,Zabudli ste heslo?
Form Customization,Prispôsobenie formulára
Form Settings,Nastavenia formulára
Format,Formát
Format Data,Formát údajov
Forward To Email Address,Preposlanie na e-mailovú adresu
Fraction,Frakcia
Fraction Units,Jednotky zlomkov
Frames,Rámčeky
Frappe,Frappe
Frappe Framework,Rámec Frappe
Friendly Title,Priateľský názov
From Date Field,Pole Dátum od
From Document Type,Z typu dokumentu
From Full Name,Z Celé meno
Full Page,Celá strana
Fw: {0},Fw: {0}
GCalendar Sync ID,GCalendar Sync ID
GMail,GMail
Gantt,Gantt
Gateway,Brána
Gateway Controller,Ovládač brány
Gateway Settings,Nastavenia brány
Generate Keys,Generovanie kľúčov
Generate New Report,Vytvoriť novú správu
Generated File,Vygenerovaný súbor
Geo,Geo
Geolocation,Geolokácia
Get Alerts for Today,Získajte upozornenia pre dnešok
Get Contacts,Získajte kontakty
Get Fields,Získajte polia
Get your globally recognized avatar from Gravatar.com,Získajte celosvetovo uznávaný avatar od Gravatar.com
GitHub,GitHub
Give Review Points,Poskytnite body na preskúmanie
Global Unsubscribe,Globálne zrušenie odberu
Go to the document,Prejsť na dokument
Go to this URL after completing the form (only for Guest users),Po vyplnení formulára prejdite na túto adresu URL (len pre hosťujúcich používateľov)
Go to {0},Prejsť na {0}
Go to {0} List,Prejsť na zoznam {0}
Go to {0} Page,Prejsť na stránku {0}
Google,Google
Google Analytics ID,ID služby Google Analytics
Google Calendar ID,ID kalendára Google
Google Font,Písmo Google
Google Services,Služby Google
Grant Type,Typ grantu
Group Name,Názov skupiny
Group name cannot be empty.,Názov skupiny nemôže byť prázdny.
Groups of DocTypes,Skupiny typov dokumentov DocTypes
HTML,HTML
HTML Editor,Editor HTML
"HTML Header, Robots and Redirects","Hlavička HTML, roboti a presmerovania"
HTML for header section. Optional,HTML pre časť záhlavia. Voliteľné
Half,Polovica
Has  Attachment,Má prílohu
Has Attachments,Má prílohy
Has Domain,Má doménu
Has Role,Má úlohu
Has Web View,Má webové zobrazenie
Have an account? Login,Máte účet? Prihlásenie
Header,Záhlavie
Header HTML,Hlavička HTML
Header HTML set from attachment {0},Nastavenie hlavičky HTML z prílohy {0}
Header Image,Obrázok záhlavia
Headers,Hlavičky
Heading,Nadpis
Hello {0},Ahoj {0}
Hello!,Dobrý deň!
Help Articles,Pomocné články
Help Category,Kategória pomoci
Help on Search,Pomoc pri vyhľadávaní
"Help: To link to another record in the system, use ""#Form/Note/[Note Name]"" as the Link URL. (don't use ""http://"")","Pomoc: Ak chcete prepojiť iný záznam v systéme, použite ako adresu URL prepojenia ""#Form/Note/[Note Name]"". (nepoužívajte ""http://"")."
Helvetica,Helvetica
Hi {0},Ahoj {0}
Hide Copy,Skryť kópiu
Hide Footer Signup,Skryť pätičku Registrácia
Hide Sidebar and Menu,Skryť bočný panel a ponuku
Hide Standard Menu,Skryť štandardnú ponuku
Hide Weekends,Skryť víkendy
Hide details,Skryť podrobnosti
Hide footer in auto email reports,Skryť pätu v automatických e-mailových správach
Higher priority rule will be applied first,Najskôr sa použije pravidlo s vyššou prioritou
Highlight,Zvýraznenie
"Hint: Include symbols, numbers and capital letters in the password","Tip: V hesle uvádzajte symboly, čísla a veľké písmená."
Home Page,Domovská stránka
Home Settings,Domovské nastavenia
Home/Test Folder 1,Domov/Testovací priečinok 1
Home/Test Folder 1/Test Folder 3,Domov/Testovací priečinok 1/Testovací priečinok 3
Home/Test Folder 2,Domov/Testovací priečinok 2
Host,Hostiteľ
Hostname,Názov hostiteľa
"How should this currency be formatted? If not set, will use system defaults","Ako by sa mala táto mena formátovať? Ak nie je nastavené, použije sa predvolené nastavenie systému"
I found these: ,Našiel som tieto:
ID,ID
ID (name) of the entity whose property is to be set,"ID (názov) entity, ktorej vlastnosť sa má nastaviť"
Icon will appear on the button,Na tlačidle sa zobrazí ikona
Identity Details,Podrobnosti o identite
Idx,Idx
"If Apply Strict User Permission is checked and User Permission is defined for a DocType for a User, then all the documents where value of the link is blank, will not be shown to that User","Ak je začiarknutá voľba Použiť prísne užívateľské povolenie a užívateľské povolenie je definované pre typ dokumentu pre užívateľa, potom sa tomuto užívateľovi nezobrazia všetky dokumenty, v ktorých je hodnota odkazu prázdna."
If Checked workflow status will not override status in list view,"Ak je stav pracovného postupu začiarknutý, neprepíše stav v zobrazení zoznamu"
If Owner,Ak vlastník
"If a Role does not have access at Level 0, then higher levels are meaningless.","Ak rola nemá prístup na úrovni 0, vyššie úrovne nemajú význam."
"If checked, all other workflows become inactive.","Ak je začiarknuté, všetky ostatné pracovné postupy sa stanú neaktívnymi."
"If checked, this field will be not overwritten based on Fetch From if a value already exists.","Ak je začiarknuté, toto pole nebude prepísané na základe funkcie Prevziať z, ak už hodnota existuje."
"If checked, users will not see the Confirm Access dialog.","Ak je začiarknuté, používatelia neuvidia dialógové okno Potvrdiť prístup."
"If disabled, this role will be removed from all users.","Ak je táto rola vypnutá, bude všetkým používateľom odobratá."
"If enabled,  user can login from any IP Address using Two Factor Auth, this can also be set for all users in System Settings","Ak je táto možnosť povolená, používateľ sa môže prihlásiť z ľubovoľnej IP adresy pomocou dvojfaktorovej autorizácie, čo možno nastaviť aj pre všetkých používateľov v Nastaveniach systému."
"If enabled, all users can login from any IP Address using Two Factor Auth. This can also be set only for specific user(s) in User Page","Ak je táto funkcia povolená, všetci používatelia sa môžu prihlásiť z ľubovoľnej IP adresy pomocou dvojfaktorovej autorizácie. Túto možnosť možno nastaviť aj len pre konkrétneho používateľa (používateľov) na stránke Používateľ"
"If enabled, changes to the document are tracked and shown in timeline","Ak je táto možnosť povolená, zmeny v dokumente sa sledujú a zobrazujú na časovej osi"
"If enabled, document views are tracked, this can happen multiple times","Ak je povolená, zobrazenia dokumentov sa sledujú, môže sa to stať viackrát"
"If enabled, the document is marked as seen, the first time a user opens it","Ak je táto možnosť zapnutá, dokument sa označí ako videný, keď ho používateľ otvorí prvýkrát."
"If enabled, the password strength will be enforced based on the Minimum Password Score value. A value of 2 being medium strong and 4 being very strong.","Ak je táto možnosť povolená, sila hesla sa bude vynucovať na základe hodnoty Minimálne skóre hesla. Hodnota 2 znamená stredne silné heslo a 4 veľmi silné heslo."
"If enabled, users who login from Restricted IP Address, won't be prompted for Two Factor Auth","Ak je táto možnosť povolená, používatelia, ktorí sa prihlásia z adresy IP s obmedzeným prístupom, nebudú vyzvaní na zadanie dvojfaktorovej autorizácie."
"If enabled, users will be notified every time they login. If not enabled, users will only be notified once.","Ak je táto možnosť povolená, používatelia budú upozornení pri každom prihlásení. Ak nie je povolené, používatelia budú upozornení len raz."
If non standard port (e.g. 587),Ak ide o neštandardný port (napr. 587)
"If non standard port (e.g. 587). If on Google Cloud, try port 2525.","Ak ide o neštandardný port (napr. 587). Ak v službe Google Cloud, skúste port 2525."
"If not set, the currency precision will depend on number format","Ak nie je nastavená, presnosť meny bude závisieť od formátu čísla"
If the condition is satisfied user will be rewarded with the points. eg. doc.status == 'Closed'\n,"Ak je podmienka splnená, používateľ bude odmenený bodmi. napr. doc.status == 'Closed'\n"
"If the user has any role checked, then the user becomes a ""System User"". ""System User"" has access to the desktop","Ak má používateľ zaškrtnutú akúkoľvek rolu, stane sa ""Systémovým používateľom"". ""Systémový používateľ"" má prístup k pracovnej ploche"
"If these instructions where not helpful, please add in your suggestions on GitHub Issues.","Ak vám tieto pokyny nepomohli, pridajte svoje návrhy na GitHub Issues."
"If this is checked, rows with valid data will be imported and invalid rows will be dumped into a new file for you to import later.","Ak je táto možnosť začiarknutá, riadky s platnými údajmi budú importované a neplatné riadky budú vymazané do nového súboru, ktorý môžete importovať neskôr."
If user is the owner,Ak je používateľ vlastníkom
"If you are updating, please select ""Overwrite"" else existing rows will not be deleted.","Ak aktualizujete, vyberte možnosť ""Prepísať"", inak sa existujúce riadky neodstránia."
If you are updating/overwriting already created records.,Ak aktualizujete/prepisujete už vytvorené záznamy.
"If you are uploading new records, ""Naming Series"" becomes mandatory, if present.","Ak nahrávate nové záznamy, položka ""Pomenovanie série"" sa stáva povinnou, ak je prítomná."
"If you are uploading new records, leave the ""name"" (ID) column blank.","Ak nahrávate nové záznamy, stĺpec ""názov"" (ID) nechajte prázdny."
If you don't want to create any new records while updating the older records.,Ak nechcete vytvárať nové záznamy a zároveň aktualizovať staršie záznamy.
"If you set this, this Item will come in a drop-down under the selected parent.","Ak to nastavíte, táto položka sa zobrazí v rozbaľovacom zozname pod vybraným nadradeným prvkom."
"If you think this is unauthorized, please change the Administrator password.","Ak si myslíte, že je to neoprávnené, zmeňte heslo správcu."
"If your data is in HTML, please copy paste the exact HTML code with the tags.","Ak sú vaše údaje v jazyku HTML, skopírujte a vložte presný kód HTML so značkami."
Ignore User Permissions,Ignorovanie používateľských oprávnení
Ignore XSS Filter,Ignorovať filter XSS
Ignore attachments over this size,Ignorovať prílohy nad túto veľkosť
Ignore encoding errors,Ignorovanie chýb kódovania
Ignored: {0} to {1},Ignorované: {0} až {1}
Illegal Access Token. Please try again,Nelegálny prístupový token. Skúste to prosím znova
Illegal Document Status for {0},Nezákonný stav dokumentu pre {0}
Image Field,Obrázkové pole
Image Link,Odkaz na obrázok
Image field must be a valid fieldname,Pole Image musí byť platný názov poľa
Image field must be of type Attach Image,Pole Image musí byť typu Attach Image
Images,Obrázky
Implicit,Implicitné
Import,Import
Import Email From,Importovať e-mail z
Import Status,Stav importu
Import Subscribers,Import odberateľov
Import Zip,Import Zip
In Filter,Vo filtri
In Global Search,V globálnom vyhľadávaní
In Grid View,V zobrazení mriežky
In Hours,V hodinách
In List View,V zobrazení zoznamu
In Preview,V náhľade
In Reply To,V odpovedi na
In Standard Filter,V štandardnom filtri
In Valid Request,V platnej žiadosti
In points. Default is 9.,V bodoch. Predvolená hodnota je 9.
In seconds,V sekundách
Include Search in Top Bar,Zahrnutie vyhľadávania do horného panela
"Include symbols, numbers and capital letters in the password","V hesle uvádzajte symboly, čísla a veľké písmená."
Incoming email account not correct,Prichádzajúce e-mailové konto nie je správne
Incomplete login details,Neúplné prihlasovacie údaje
Incorrect User or Password,Nesprávny používateľ alebo heslo
Incorrect Verification code,Nesprávny overovací kód
Incorrect value in row {0}: {1} must be {2} {3},Nesprávna hodnota v riadku {0}: {1} musí byť {2} {3}
Incorrect value: {0} must be {1} {2},Nesprávna hodnota: {0} musí byť {1} {2}
Index,Index
Indicator,Indikátor
Info,Informácie
Info:,Informácie:
Initial Sync Count,Počiatočný počet synchronizácií
InnoDB,InnoDB
Insert Above,Vložiť nad
Insert After,Vložiť po
Insert After cannot be set as {0},Vložiť po nemožno nastaviť ako {0}
"Insert After field '{0}' mentioned in Custom Field '{1}', with label '{2}', does not exist","Vloženie poľa ""{0}"" uvedeného vo vlastnom poli ""{1}"" s označením ""{2}"" neexistuje"
Insert Below,Vložte nižšie
Insert Column Before {0},Vložiť stĺpec pred {0}
Insert Style,Štýl vloženia
Insert new records,Vloženie nových záznamov
Instructions Emailed,Pokyny zaslané e-mailom
Insufficient Permission for {0},Nedostatočné povolenie pre {0}
Int,Int
Integration Request,Žiadosť o integráciu
Integration Request Service,Služba žiadosti o integráciu
Integration Type,Typ integrácie
Integrations,Integrácie
Integrations can use this field to set email delivery status,Integrácie môžu toto pole použiť na nastavenie stavu doručenia e-mailu
Internal Server Error,Chyba vnútorného servera
Internal record of document shares,Interná evidencia podielov dokumentov
Introduce your company to the website visitor.,Predstavte svoju spoločnosť návštevníkovi webovej stránky.
Introductory information for the Contact Us Page,Úvodné informácie pre stránku Kontaktujte nás
Invalid,Neplatné
"Invalid ""depends_on"" expression","Neplatný výraz ""depends_on"""
Invalid Access Key ID or Secret Access Key.,Neplatné ID prístupového kľúča alebo tajný prístupový kľúč.
Invalid CSV Format,Neplatný formát CSV
Invalid Home Page,Neplatná domovská stránka
Invalid Link,Neplatné prepojenie
Invalid Login Token,Neplatný prihlasovací token
Invalid Login. Try again.,Neplatné prihlásenie. Skúste to znova.
Invalid Mail Server. Please rectify and try again.,"Neplatný poštový server. Prosím, opravte to a skúste to znova."
Invalid Outgoing Mail Server or Port,Neplatný server alebo port odchádzajúcej pošty
Invalid Output Format,Neplatný výstupný formát
Invalid Password,Neplatné heslo
Invalid Password:,Neplatné heslo:
Invalid Request,Neplatná žiadosť
Invalid Search Field {0},Neplatné vyhľadávacie pole {0}
Invalid Subscription,Neplatné predplatné
Invalid Token,Neplatný token
Invalid User Name or Support Password. Please rectify and try again.,"Nesprávne používateľské meno alebo heslo podpory. Prosím, opravte to a skúste to znova."
Invalid column,Neplatný stĺpec
Invalid field name {0},Nesprávny názov poľa {0}
Invalid fieldname '{0}' in autoname,Neplatný názov poľa '{0}' v autoname
Invalid file path: {0},Nesprávna cesta k súboru: {0}
Invalid login or password,Neplatné prihlasovacie meno alebo heslo
Invalid module path,Nesprávna cesta k modulu
Invalid naming series (. missing),Nesprávne pomenovanie série (. chýba)
Invalid payment gateway credentials,Neplatné poverenia platobnej brány
Invalid recipient address,Neplatná adresa príjemcu
Invalid {0} condition,Neplatná podmienka {0}
Inverse,Inverzný
Is,Je
Is Attachments Folder,Je priečinok príloh
Is Child Table,Je detský stôl
Is Custom Field,Je vlastné pole
Is First Startup,Je prvý startup
Is Folder,Je priečinok
Is Global,Je globálny
Is Globally Pinned,Je globálne pripnutý
Is Home Folder,Je priečinok Domov
Is Mandatory Field,Je povinné pole
Is Pinned,Je pripnutý
Is Primary Contact,Je primárnym kontaktom
Is Private,Je súkromná
Is Published Field,Je publikované pole
Is Published Field must be a valid fieldname,Is Published Pole musí byť platný názov poľa
Is Single,Je slobodný
Is Spam,Je spam
Is Standard,Je štandardné
Is Submittable,Je Submittable
Is Table,Je tabuľka
Is Your Company Address,Je adresa vašej spoločnosti
It is risky to delete this file: {0}. Please contact your System Manager.,Vymazanie tohto súboru je riskantné: {0}. Obráťte sa na svojho správcu systému.
Item cannot be added to its own descendants,Položka nemôže byť pridaná k vlastným potomkom
JS,JS
JSON,JSON
JavaScript Format: frappe.query_reports['REPORTNAME'] = {},JavaScript Formát: frappe.query_reports['REPORTNAME'] = {}
Javascript to append to the head section of the page.,Javascript na pridanie do časti hlavičky stránky.
Jinja,Jinja
John Doe,John Doe
Kanban,Kanban
Kanban Board Column,Stĺpec tabule Kanban
Kanban Board Name,Názov rady Kanban
Karma,Karma
Keep track of all update feeds,Sledovanie všetkých aktualizačných kanálov
Keeps track of all communications,Sleduje všetku komunikáciu
Key,Kľúč
Knowledge Base,Znalostná databáza
Knowledge Base Contributor,Prispievateľ do databázy znalostí
Knowledge Base Editor,Editor databázy znalostí
LDAP Email Field,E-mailové pole LDAP
LDAP First Name Field,Pole krstného mena LDAP
LDAP Not Installed,LDAP nie je nainštalovaný
LDAP Search String,Vyhľadávací reťazec LDAP
"LDAP Search String needs to end with a placeholder, eg sAMAccountName={0}","Vyhľadávací reťazec LDAP musí končiť zástupným znakom, napr. sAMAccountName={0}"
LDAP Security,Zabezpečenie LDAP
LDAP Server Url,URL adresa servera LDAP
LDAP Username Field,Pole používateľského mena LDAP
LDAP is not enabled.,LDAP nie je povolený.
Label Help,Pomocník pre štítky
Label and Type,Označenie a typ
Label is mandatory,Označenie je povinné
Landing Page,Cieľová stránka
Language,Jazyk
Language Code,Kód jazyka
"Language, Date and Time settings","Nastavenia jazyka, dátumu a času"
Last Active,Posledný aktívny
Last IP,Posledná IP adresa
Last Known Versions,Posledné známe verzie
Last Login,Posledné prihlásenie
Last Message,Posledná správa
Last Modified By,Naposledy upravil
Last Modified Date,Dátum poslednej úpravy
Last Modified On,Posledná úprava dňa
Last Month,Posledný mesiac
Last Point Allocation Date,Dátum posledného pridelenia bodu
Last Quarter,Posledný štvrťrok
Last Synced On,Naposledy synchronizované v
Last Updated By,Posledná aktualizácia
Last Updated On,Posledná aktualizácia na
Last User,Posledný používateľ
Last Week,Minulý týždeň
Last Year,Minulý rok
Last synced {0},Posledná synchronizácia {0}
Leave a Comment,Zanechať komentár
Leave blank to repeat always,"Ak chcete opakovať vždy, nechajte prázdne"
Leave this conversation,Opustite túto konverzáciu
Left this conversation,Opustil túto konverzáciu
Length,Dĺžka
Length of {0} should be between 1 and 1000,Dĺžka {0} by mala byť medzi 1 a 1000
Let's avoid repeated words and characters,Vyhýbajme sa opakujúcim sa slovám a znakom
Let's prepare the system for first use.,Pripravme systém na prvé použitie.
Letter,List
Letter Head Based On,Hlavička listu na základe
Letter Head Image,Obrázok hlavičky listu
Letter Head Name,Názov hlavičky listu
Letter Head in HTML,Hlavička listu v HTML
Level Name,Názov úrovne
Liked,Obľúbené
Liked By,Obľúbené podľa
Liked by {0},Páči sa mi {0}
Likes,Páči sa mi
Limit Number of DB Backups,Obmedzenie počtu záloh DB
Line,Riadok
Link DocType,Odkaz DocType
Link Expired,Prepojenie Vypršala platnosť
Link Name,Názov prepojenia
Link Title,Názov odkazu
"Link that is the website home page. Standard Links (index, login, products, blog, about, contact)","Odkaz, ktorý je domovskou stránkou webovej stránky. Štandardné odkazy (index, prihlásenie, produkty, blog, o nás, kontakt)"
Link to the page you want to open. Leave blank if you want to make it a group parent.,"Odkaz na stránku, ktorú chcete otvoriť. Ak chcete, aby bola nadradenou skupinou, nechajte prázdne miesto."
Linked,Prepojenie
Linked With,Prepojené s
Linked with {0},prepojené s {0}
Links,Odkazy
List,Zoznam
List Filter,Filter zoznamu
List View Setting,Nastavenie zobrazenia zoznamu
List a document type,Zoznam typu dokumentu
"List as [{""label"": _(""Jobs""), ""route"":""jobs""}]","Zoznam ako [{""label"": _(""Jobs""), ""route"": ""jobs""}]"
List of backups available for download,"Zoznam záloh, ktoré sú k dispozícii na prevzatie"
List of patches executed,Zoznam vykonaných záplat
List of themes for Website.,Zoznam tém pre webové stránky.
Load Balancing,Vyrovnávanie zaťaženia
Loading,Načítanie
Local DocType,Miestny typ DocType
Local Fieldname,Miestny názov poľa
Local Primary Key,Miestny primárny kľúč
Locals,Miestni obyvatelia
Log Details,Podrobnosti o denníku
Log of Scheduler Errors,Protokol chýb plánovača
Log of error during requests.,Záznam o chybách počas požiadaviek.
Log of error on automated events (scheduler).,Protokol o chybách pri automatizovaných udalostiach (plánovač).
Logged Out,Odhlásený
Logged in as Guest or Administrator,Prihlásený ako hosť alebo správca
Login,Prihlásenie
Login After,Prihlásenie po
Login Before,Prihlásenie pred
Login Id is required,Vyžaduje sa prihlasovacie ID
Login Required,Vyžaduje sa prihlásenie
Login Verification Code from {},Kód overenia prihlásenia z {}
Login and view in Browser,Prihlásenie a zobrazenie v prehliadači
Login not allowed at this time,Prihlásenie nie je v tomto čase povolené
"Login session expired, refresh page to retry","Relácia prihlásenia vypršala, obnovte stránku a skúste to znova"
Login to comment,Prihlásenie na komentár
Login token required,Vyžaduje sa prihlasovací token
Login with LDAP,Prihlásenie pomocou LDAP
Logout,Odhlásenie
Long Text,Dlhý text
Looks like something is wrong with this site's Paypal configuration.,"Zdá sa, že niečo nie je v poriadku s konfiguráciou Paypal na tejto stránke."
Looks like something is wrong with this site's payment gateway configuration. No payment has been made.,"Zdá sa, že niečo nie je v poriadku s konfiguráciou platobnej brány tejto stránky. Nebola vykonaná žiadna platba."
"Looks like something went wrong during the transaction. Since we haven't confirmed the payment, Paypal will automatically refund you this amount. If it doesn't, please send us an email and mention the Correlation ID: {0}.","Zdá sa, že počas transakcie sa niečo pokazilo. Keďže sme platbu nepotvrdili, Paypal vám túto sumu automaticky vráti. Ak sa tak nestane, pošlite nám e-mail a uveďte ID korelácie: {0}."
Madam,Pani
Main Section,Hlavná časť
"Make ""name"" searchable in Global Search","Umožnenie vyhľadávania v položke ""meno"" v globálnom vyhľadávaní"
Make use of longer keyboard patterns,Využívajte dlhšie vzory klávesnice
Manage Third Party Apps,Správa aplikácií tretích strán
Mandatory Information missing:,Chýbajúce povinné informácie:
Mandatory field: set role for,Povinné pole: nastaviť úlohu pre
Mandatory field: {0},Povinné pole: {0}
"Mandatory fields required in table {0}, Row {1}","Povinné polia vyžadované v tabuľke {0}, riadok {1}"
Mandatory fields required in {0},Povinné polia vyžadované v {0}
Mandatory:,Povinné:
Mapping Name,Názov mapovania
Mappings,Mapovanie
Mark as Read,Označiť ako prečítané
Mark as Spam,Označiť ako spam
Mark as Unread,Označiť ako neprečítané
Markdown,Markdown
Markdown Editor,Editor Markdown
Marked As Spam,Označené ako spam
Max 500 records at a time,Maximálne 500 záznamov naraz
Max Attachment Size (in MB),Maximálna veľkosť prílohy (v MB)
Max Attachments,Maximálne prídavné zariadenia
Max Length,Maximálna dĺžka
Max Value,Maximálna hodnota
Max width for type Currency is 100px in row {0},Maximálna šírka pre typ Mena je 100px v riadku {0}
Maximum Attachment Limit for this record reached.,Dosiahnutý maximálny limit príloh pre tento záznam.
Maximum {0} rows allowed,Maximálne {0} povolených riadkov
"Meaning of Submit, Cancel, Amend","Význam slov Submit, Cancel, Amend"
Mention transaction completion page URL,Spomenúť URL adresu stránky dokončenia transakcie
Mentions,Zmienky
Menu,Ponuka
Merchant ID,ID obchodníka
Merge with existing,Zlúčenie s existujúcimi
Merging is only possible between Group-to-Group or Leaf Node-to-Leaf Node,Zlučovanie je možné len medzi skupinami alebo medzi jednotlivými uzlami.
Message Count,Počet správ
Message ID,ID správy
Message Parameter,Parameter správy
Message Preview,Náhľad správy
Message clipped,Správa vystrihnutá
Message not setup,Správa nie je nastavená
Message to be displayed on successful completion (only for Guest users),"Správa, ktorá sa zobrazí po úspešnom dokončení (len pre hosťujúcich používateľov)"
Message-id,Message-id
Meta Tags,Metaštítky
Migration ID Field,Pole ID migrácie
Milestone,Míľnik
Milestone Tracker,Sledovanie míľnikov
Minimum Password Score,Minimálne skóre hesla
Miss,Slečna
Missing Fields,Chýbajúce polia
Missing parameter Kanban Board Name,Chýbajúci parameter Názov rady Kanban
Missing parameters for login,Chýbajúce parametre pre prihlásenie
Models (building blocks) of the Application,Modely (stavebné bloky) aplikácie
Modified By,Upravené podľa
Module,Modul
Module Def,Definícia modulu
Module Name,Názov modulu
Module Not Found,Modul nebol nájdený
Module Path,Cesta modulu
Module to Export,Modul na export
Modules HTML,Moduly HTML
Monospace,Monospace
More articles on {0},Viac článkov o {0}
More content for the bottom of the page.,Viac obsahu na spodok stránky.
Most Used,Najpoužívanejšie
Move To,Presun do
Move To Trash,Presun do koša
Move to Row Number,Presun na číslo riadku
Mr,Pán
Mrs,Pani
Ms,Pani
Multiple root nodes not allowed.,Nie je povolené používať viacero koreňových uzlov.
Multiplier Field,Pole multiplikátora
"Must be of type ""Attach Image""","Musí byť typu ""Pripojiť obrázok"""
Must have report permission to access this report.,Na prístup k tejto správe musíte mať oprávnenie na správu.
Must specify a Query to run,"Musí zadať dotaz, ktorý sa má spustiť"
Mute Sounds,Stlmenie zvukov
MyISAM,MyISAM
Name Case,Názov Prípad
Name cannot contain special characters like {0},Názov nemôže obsahovať špeciálne znaky ako {0}
Name not set via prompt,Názov nie je nastavený prostredníctvom výzvy
Name of the Document Type (DocType) you want this field to be linked to. e.g. Customer,"Názov typu dokumentu (DocType), s ktorým má byť toto pole prepojené. napr. Zákazník"
Name of the new Print Format,Názov nového formátu tlače
Name of {0} cannot be {1},Názov {0} nemôže byť {1}
Names and surnames by themselves are easy to guess.,Samotné mená a priezviská sa dajú ľahko uhádnuť.
Naming,Pomenovanie
"Naming Options:\n<ol><li><b>field:[fieldname]</b> - By Field</li><li><b>naming_series:</b> - By Naming Series (field called naming_series must be present</li><li><b>Prompt</b> - Prompt user for a name</li><li><b>[series]</b> - Series by prefix (separated by a dot); for example PRE.#####</li>\n<li><b>format:EXAMPLE-{MM}morewords{fieldname1}-{fieldname2}-{#####}</b> - Replace all braced words (fieldnames, date words (DD, MM, YY), series) with their value. Outside braces, any characters can be used.</li></ol>","Možnosti pomenovania:\n<ol><li><b>pole:[názov poľa]</b> - Podľa poľa</li><li><b>pomenovanie_série:</b> - Podľa pomenovania série (musí byť prítomné pole s názvom pomenovanie_série</li><li><b>Prompt</b> - Výzva používateľovi na zadanie názvu</li><li><b>[séria]</b> - Séria podľa prefixu (oddeleného bodkou); napríklad PRE.#####</li>\n<li><b>format:EXAMPLE-{MM}morewords{názov poľa1}-{názov poľa2}-{#####}</b> - Nahradí všetky slová v zátvorkách (názvy polí, dátumové slová (DD, MM, RR), série) ich hodnotou. Mimo zátvoriek možno použiť ľubovoľné znaky.</li></ol>"
Naming Series mandatory,Povinné pomenovanie série
Nested set error. Please contact the Administrator.,Chyba vnorenej sady. Obráťte sa na správcu.
New Activity,Nová aktivita
New Chat,Nový chat
New Comment on {0}: {1},Nový komentár k {0}: {1}
New Connection,Nové pripojenie
New Custom Print Format,Nový vlastný formát tlače
New Email,Nový e-mail
New Email Account,Nové e-mailové konto
New Event,Nové podujatie
New Folder,Nový priečinok
New Kanban Board,Nová tabuľa Kanban
New Message from Website Contact Page,Nová správa z webovej stránky Kontakt
New Name,Nový názov
New Newsletter,Nový bulletin
New Password,Nové heslo
New Password Required.,Vyžaduje sa nové heslo.
New Print Format Name,Názov nového formátu tlače
New Report name,Nový názov správy
New Value,Nová hodnota
New data will be inserted.,Vložia sa nové údaje.
New updates are available,K dispozícii sú nové aktualizácie
New value to be set,"Nová hodnota, ktorá sa má nastaviť"
New {0},Nový {0}
New {} releases for the following apps are available,K dispozícii sú nové {} vydania pre nasledujúce aplikácie
Newsletter Email Group,Skupina e-mailových noviniek
Newsletter Manager,Správca informačného bulletinu
Newsletter has already been sent,Spravodajca už bol odoslaný
"Newsletters to contacts, leads.","Informačné bulletiny kontaktom, potenciálnym zákazníkom."
Next Action Email Template,Ďalšia šablóna e-mailu s akciou
Next Actions HTML,Ďalšie akcie HTML
Next Schedule Date,Dátum nasledujúceho plánu
Next Scheduled Date,Ďalší plánovaný dátum
Next State,Ďalší štát
Next Sync Token,Ďalší synchronizačný token
Next actions,Ďalšie akcie
No Active Sessions,Žiadne aktívne relácie
No Copy,Žiadna kópia
No Email Account,Žiadne e-mailové konto
No Email Accounts Assigned,Žiadne priradené e-mailové kontá
No Emails,Žiadne e-maily
No Label,Žiadny štítok
No Permissions Specified,Žiadne špecifikované oprávnenia
No Permissions set for this criteria.,Pre toto kritérium nie sú nastavené žiadne oprávnenia.
No Preview,Žiadny náhľad
No Preview Available,Nie je k dispozícii žiadny náhľad
No Printer is Available.,Nie je k dispozícii žiadna tlačiareň.
No Results,Žiadne výsledky
No Tags,Žiadne značky
No alerts for today,Žiadne upozornenia pre dnešok
No comments yet,Zatiaľ žiadne komentáre
No comments yet. Start a new discussion.,Zatiaľ žiadne komentáre. Začnite novú diskusiu.
No data found in the file. Please reattach the new file with data.,V súbore sa nenašli žiadne údaje. Pripojte nový súbor s údajmi.
No document found for given filters,Pre dané filtre nebol nájdený žiadny dokument
"No fields found that can be used as a Kanban Column. Use the Customize Form to add a Custom Field of type ""Select"".","Nenašli sa žiadne polia, ktoré by sa dali použiť ako stĺpec Kanban. Pomocou formulára Prispôsobiť pridajte vlastné pole typu ""Vybrať""."
No file attached,Žiadny súbor nie je pripojený
No further records,Žiadne ďalšie záznamy
No matching records. Search something new,Žiadne zodpovedajúce záznamy. Vyhľadajte niečo nové
"No need for symbols, digits, or uppercase letters.","Nie je potrebné používať symboly, číslice ani veľké písmená."
No of Columns,Počet stĺpcov
No of Rows (Max 500),Počet riadkov (max. 500)
No of emails remaining to be synced,Počet zostávajúcich e-mailov na synchronizáciu
No permission for {0},Žiadne povolenie pre {0}
No permission to '{0}' {1},Žiadne povolenie na '{0}' {1}
No permission to read {0},Žiadne povolenie na čítanie {0}
No permission to {0} {1} {2},Žiadne povolenie na {0} {1} {2}
No records deleted,Žiadne vymazané záznamy
No records present in {0},V položke {0} nie sú prítomné žiadne záznamy
No records tagged.,Žiadne označené záznamy.
No template found at path: {0},Na ceste nebola nájdená žiadna šablóna: {0}
No {0} found,Nenašlo sa žiadne {0}
No {0} mail,Nie {0} pošta
No {0} permission,Žiadne povolenie {0}
None: End of Workflow,Žiadne: Koniec pracovného postupu
Not Allowed: Disabled User,Nie je povolené: Zakázaný používateľ
Not Ancestors Of,Nie predkovia
Not Descendants Of,Nie potomkovia
Not Equals,Nie rovná sa
Not In,Nie je v
Not Linked to any record,Nie je prepojený so žiadnym záznamom
Not Published,Nezverejnené
Not Saved,Nie je uložený
Not Seen,Nevidené
Not Sent,Neodoslané
Not Set,Nie je nastavené
Not a valid Comma Separated Value (CSV File),Nie je platná hodnota oddelená čiarkou (CSV súbor)
Not a valid User Image.,Nie je platný obrázok používateľa.
Not a valid Workflow Action,Neplatná akcia pracovného postupu
Not a valid user,Nie je platným používateľom
Not a zip file,Nie je to súbor zip
Not allowed for {0}: {1},Nie je povolené pre {0}: {1}
"You are not allowed to access {0} because it is linked to {1} '{2}' in row {3}, field {4}","Nemáte povolený prístup k {0}, pretože je prepojený s {1} '{2}' v riadku {3}, pole {4}"
You are not allowed to access this {0} record because it is linked to {1} '{2}' in field {3},"K tomuto záznamu {0} nemáte prístup, pretože je prepojený so záznamom {1} ""{2}"" v poli {3}"
Not allowed to Import,Nie je povolené dovážať
Not allowed to change {0} after submission,Nie je povolené meniť {0} po odoslaní
Not allowed to print cancelled documents,Nie je povolené tlačiť zrušené dokumenty
Not allowed to print draft documents,Nie je povolené tlačiť návrhy dokumentov
Not enough permission to see links,Nedostatočné povolenie na zobrazenie odkazov
Not in Developer Mode,Nie v režime pre vývojárov
Not in Developer Mode! Set in site_config.json or make 'Custom' DocType.,"Nie v režime pre vývojárov! Nastavte v site_config.json alebo vytvorte ""Vlastný"" DocType."
Note Seen By,Poznámka Videl
Note:,Poznámka:
Note: By default emails for failed backups are sent.,Poznámka: V predvolenom nastavení sa odosielajú e-maily pre neúspešné zálohovanie.
Note: Changing the Page Name will break previous URL to this page.,Poznámka: Zmena názvu stránky spôsobí prerušenie predchádzajúcej adresy URL na túto stránku.
"Note: For best results,  images must be of the same size and width must be greater than height.",Poznámka: Pre dosiahnutie najlepších výsledkov musia mať obrázky rovnakú veľkosť a šírka musí byť väčšia ako výška.
Note: Multiple sessions will be allowed in case of mobile device,Poznámka: V prípade mobilného zariadenia bude povolených viacero relácií.
Nothing to show,Nič na ukážku
Nothing to update,Nič na aktualizáciu
Notification,Oznámenie
Notification Recipient,Príjemca oznámenia
Notification Tones,Tóny oznámení
Notifications,Oznámenia
Notifications and bulk mails will be sent from this outgoing server.,Z tohto odchádzajúceho servera sa budú odosielať oznámenia a hromadné e-maily.
Notify Users On Every Login,Upozorniť používateľov pri každom prihlásení
Notify if unreplied,"Upozorniť, ak sa neodpovedá"
Notify if unreplied for (in mins),"Upozorniť, ak sa neodpovedalo (v minútach)"
Notify users with a popup when they log in,Upozornenie používateľov pomocou vyskakovacieho okna pri prihlásení
Number Format,Formát čísla
Number of Backups,Počet záloh
Number of DB Backups,Počet záloh DB
Number of DB backups cannot be less than 1,Počet záloh DB nemôže byť menší ako 1
Number of columns for a field in a Grid (Total Columns in a grid should be less than 11),Počet stĺpcov pre pole v mriežke (celkový počet stĺpcov v mriežke by mal byť menší ako 11)
Number of columns for a field in a List View or a Grid (Total Columns should be less than 11),Počet stĺpcov pre pole v zobrazení zoznamu alebo mriežky (celkový počet stĺpcov by mal byť menší ako 11)
OAuth Authorization Code,Autorizačný kód OAuth
OAuth Bearer Token,Token nosiča OAuth
OAuth Client,Klient OAuth
OAuth Provider Settings,Nastavenia poskytovateľa OAuth
OTP App,Aplikácia OTP
OTP Issuer Name,Názov vydavateľa OTP
OTP Secret has been reset. Re-registration will be required on next login.,Tajné OTP bolo resetované. Pri ďalšom prihlásení sa bude vyžadovať opätovná registrácia.
OTP secret can only be reset by the Administrator.,Tajné OTP môže resetovať iba správca.
Office,Kancelária
Office 365,Office 365
Old Password,Staré heslo
Old Password Required.,Vyžaduje sa staré heslo.
Older backups will be automatically deleted,Staršie zálohy sa automaticky odstránia
"On {0}, {1} wrote:","Na {0}, {1} napísal:"
"Once submitted, submittable documents cannot be changed. They can only be Cancelled and Amended.",Raz predložené dokumenty nie je možné meniť. Možno ich len zrušiť a zmeniť.
"Once you have set this, the users will only be able access documents (eg. Blog Post) where the link exists (eg. Blogger).","Po nastavení tejto funkcie budú mať používatelia prístup len k dokumentom (napr. k príspevku na blogu), na ktoré existuje odkaz (napr. Blogger)."
One Last Step,Posledný krok
One Time Password (OTP) Registration Code from {},Registračný kód jednorazového hesla (OTP) z {}
Only 200 inserts allowed in one request,V jednej žiadosti je povolených len 200 vložení
Only Administrator can delete Email Queue,E-mailovú frontu môže vymazať iba správca
Only Administrator can edit,Upravovať môže iba správca
Only Administrator can save a standard report. Please rename and save.,Štandardnú správu môže uložiť iba správca. Pomenujte a uložte ju.
Only Administrator is allowed to use Recorder,Iba správca môže používať záznamník
Only Allow Edit For,Povoliť úpravu len pre
Only Send Records Updated in Last X Hours,Odoslať iba záznamy aktualizované za posledných X hodín
Only mandatory fields are necessary for new records. You can delete non-mandatory columns if you wish.,Pre nové záznamy sú potrebné len povinné polia. Nepovinné stĺpce môžete v prípade potreby vymazať.
Only standard DocTypes are allowed to be customized from Customize Form.,Z funkcie Prispôsobiť formulár je možné prispôsobiť iba štandardné typy dokumentov.
Only users involved in the document are listed,"V zozname sú uvedení len používatelia, ktorí sa podieľajú na dokumente"
Only {0} emailed reports are allowed per user,Na jedného používateľa sú povolené len {0} e-mailové správy
Oops! Something went wrong,Ups! Niečo sa pokazilo
"Oops, you are not allowed to know that","Ups, to nesmiete vedieť"
Open Link,Otvoriť prepojenie
Open Source Applications for the Web,Aplikácie s otvoreným zdrojovým kódom pre web
Open Translation,Otvorený preklad
Open a dialog with mandatory fields to create a new record quickly,Otvorenie dialógového okna s povinnými poľami na rýchle vytvorenie nového záznamu
Open a module or tool,Otvorenie modulu alebo nástroja
Open your authentication app on your mobile phone.,Otvorte aplikáciu na overovanie v mobilnom telefóne.
Open {0},Otvoriť {0}
Opened,Otvorené
Operator must be one of {0},Operátor musí byť jeden z {0}
Option 1,Možnosť 1
Option 2,Možnosť 2
Option 3,Možnosť 3
Optional: Always send to these ids. Each Email Address on a new row,Voliteľné: Vždy posielajte na tieto identifikátory. Každá e-mailová adresa na novom riadku
Optional: The alert will be sent if this expression is true,"Voliteľné: Upozornenie sa odošle, ak je tento výraz true"
Options 'Dynamic Link' type of field must point to another Link Field with options as 'DocType',Možnosti typu poľa 'Dynamic Link' musia odkazovať na iné pole Link s možnosťami ako 'DocType'
Options Help,Možnosti pomoci
Options for select. Each option on a new line.,Možnosti výberu. Každá možnosť na novom riadku.
Options not set for link field {0},Možnosti nie sú nastavené pre pole odkazu {0}
Or login with,Alebo sa prihláste pomocou
Order,Objednávka
Org History,História organizácie
Org History Heading,Org História Záhlavie
Orientation,Orientácia
Original Value,Pôvodná hodnota
Outgoing email account not correct,Odchádzajúce e-mailové konto nie je správne
Outlook.com,Outlook.com
Output,Výstup
PDF,PDF
PDF Page Size,Veľkosť strany PDF
PDF Settings,Nastavenia PDF
PDF generation failed,Generovanie PDF zlyhalo
PDF generation failed because of broken image links,Generovanie PDF zlyhalo kvôli nefunkčným odkazom na obrázky
"PDF printing via ""Raw Print"" is not yet supported. Please remove the printer mapping in Printer Settings and try again.","Tlač PDF prostredníctvom funkcie ""Raw Print"" zatiaľ nie je podporovaná. Odstráňte mapovanie tlačiarne v Nastaveniach tlačiarne a skúste to znova."
Page HTML,Stránka HTML
Page Length,Dĺžka strany
Page Name,Názov stránky
Page Settings,Nastavenia stránky
Page has expired!,Platnosť stránky vypršala!
Page not found,Stránka nebola nájdená
Page to show on the website\n,"Stránka, ktorá sa má zobraziť na webovej stránke\n"
Pages in Desk (place holders),Stránky v sekcii Písomná práca (zástupcovia)
Parent,Rodič
Parent Error Snapshot,Snímka chyby rodiča
Parent Label,Rodičovský štítok
Parent Table,Nadradená tabuľka
Parent is required to get child table data,Na získanie údajov z tabuľky dieťaťa je potrebný rodič
Parent is the name of the document to which the data will get added to.,"Nadriadený je názov dokumentu, do ktorého sa údaje pridajú."
Partial Success,Čiastočný úspech
Partially Successful,Čiastočne úspešný
Participants,Účastníci
Passive,Pasívne
Password Reset,Obnovenie hesla
Password Updated,Heslo aktualizované
Password for Base DN,Heslo pre základné DN
Password is required or select Awaiting Password,Vyžaduje sa heslo alebo vyberte položku Čaká sa na heslo
Password not found,Heslo nebolo nájdené
Password reset instructions have been sent to your email,Pokyny na obnovenie hesla boli odoslané na váš e-mail
Paste,Vložiť
Patch,Záplata
Patch Log,Denník záplat
Path to CA Certs File,Cesta k súboru certifikátov CA
Path to Server Certificate,Cesta k certifikátu servera
Path to private Key File,Cesta k súboru súkromného kľúča
PayPal Settings,Nastavenia služby PayPal
PayPal payment gateway settings,Nastavenia platobnej brány PayPal
Payment Cancelled,Platba zrušená
Payment Success,Úspešná platba
Pending Approval,Čaká na schválenie
Pending Verification,Čaká sa na overenie
Percent,Percentá
Percent Complete,Percento dokončenia
Perm Level,Úroveň trvalého pobytu
Permanent,Trvalé
Permanently Cancel {0}?,Trvalo zrušiť {0}?
Permanently Submit {0}?,Trvalo odoslať {0}?
Permanently delete {0}?,Trvalo vymazať {0}?
Permission Error,Chyba povolenia
Permission Level,Úroveň povolenia
Permission Levels,Úrovne povolenia
Permission Rules,Pravidlá udeľovania povolení
Permissions,Oprávnenia
Permissions are automatically applied to Standard Reports and searches.,Oprávnenia sa automaticky aplikujú na štandardné zostavy a vyhľadávania.
"Permissions are set on Roles and Document Types (called DocTypes) by setting rights like Read, Write, Create, Delete, Submit, Cancel, Amend, Report, Import, Export, Print, Email and Set User Permissions.","Oprávnenia sa nastavujú na roliach a typoch dokumentov (nazývaných DocTypes) nastavením práv, ako je čítanie, zápis, vytvorenie, vymazanie, odoslanie, zrušenie, zmena, správa, import, export, tlač, e-mail a nastavenie oprávnení používateľa."
Permissions at higher levels are Field Level permissions. All Fields have a Permission Level set against them and the rules defined at that permissions apply to the field. This is useful in case you want to hide or make certain field read-only for certain Roles.,"Oprávnenia na vyšších úrovniach sú oprávnenia na úrovni polí. Všetky polia majú nastavenú úroveň oprávnenia a pravidlá definované na tejto úrovni oprávnenia sa vzťahujú na dané pole. To je užitočné v prípade, že chcete určité pole skryť alebo ho urobiť len na čítanie pre určité roly."
"Permissions at level 0 are Document Level permissions, i.e. they are primary for access to the document.","Oprávnenia na úrovni 0 sú oprávnenia na úrovni dokumentu, t. j. sú primárne pre prístup k dokumentu."
Permissions get applied on Users based on what Roles they are assigned.,"Oprávnenia sa na používateľov uplatňujú na základe rolí, ktoré im boli pridelené."
Personal,Osobné
Personal Data Deletion Request,Žiadosť o vymazanie osobných údajov
Personal Data Download Request,Žiadosť o stiahnutie osobných údajov
Phone No.,Telefónne číslo
Pick Columns,Výber stĺpcov
Plant,Rastlina
Please Duplicate this Website Theme to customize.,"Prosím, duplikujte túto webovú tému na prispôsobenie."
Please Enter Your Password to Continue,"Prosím, zadajte svoje heslo pre pokračovanie"
Please Install the ldap3 library via pip to use ldap functionality.,"Nainštalujte knižnicu ldap3 cez pip, aby ste mohli používať funkcie ldap."
Please Update SMS Settings,Aktualizujte nastavenia SMS
Please add a subject to your email,Do e-mailu uveďte predmet
Please ask your administrator to verify your sign-up,Požiadajte svojho správcu o overenie prihlásenia
Please attach a file first.,Najskôr priložte súbor.
Please attach an image file to set HTML,"Priložte prosím súbor s obrázkom, aby ste mohli nastaviť HTML"
Please check your email for verification,Skontrolujte si prosím svoj e-mail pre overenie
Please check your registered email address for instructions on how to proceed. Do not close this window as you will have to return to it.,"Skontrolujte svoju registrovanú e-mailovú adresu, kde nájdete pokyny, ako postupovať. Nezatvárajte toto okno, pretože sa doň budete musieť vrátiť."
Please close this window,"Prosím, zatvorte toto okno"
Please confirm your action to {0} this document.,"Prosím, potvrďte svoj krok k {0} tomuto dokumentu."
Please do not change the rows above {0},"Prosím, nemeňte riadky nad {0}"
Please do not change the template headings.,Nemeňte nadpisy šablón.
Please duplicate this to make changes,Zduplikujte to a vykonajte zmeny
Please enable developer mode to create new connection,"Ak chcete vytvoriť nové pripojenie, povoľte režim pre vývojárov"
Please ensure that your profile has an email address,"Skontrolujte, či je vo vašom profile uvedená e-mailová adresa"
Please enter Access Token URL,Zadajte adresu URL prístupového tokenu
Please enter Authorize URL,Zadajte adresu URL autorizácie
Please enter Base URL,Zadajte prosím základnú adresu URL
Please enter Client ID before social login is enabled,Pred povolením prihlásenia do sociálnej siete zadajte ID klienta
Please enter Client Secret before social login is enabled,Pred povolením sociálneho prihlásenia zadajte Tajomstvo klienta
Please enter Redirect URL,Zadajte prosím adresu URL presmerovania
Please enter the password,Zadajte heslo
Please enter valid mobile nos,Zadajte platné mobilné číslo
Please enter values for App Access Key and App Secret Key,Zadajte hodnoty pre prístupový kľúč aplikácie a tajný kľúč aplikácie
Please make sure that there are no empty columns in the file.,"Uistite sa, že v súbore nie sú žiadne prázdne stĺpce."
Please make sure the Reference Communication Docs are not circularly linked.,"Uistite sa, že referenčné komunikačné dokumenty nie sú kruhovo prepojené."
Please refresh to get the latest document.,"Ak chcete získať najnovší dokument, obnovte ho."
Please save before attaching.,Pred pripojením ho uložte.
Please save the Newsletter before sending,Pred odoslaním si prosím uložte Newsletter
Please save the document before assignment,Pred zadaním úlohy dokument uložte
Please save the document before removing assignment,Pred odstránením zadania uložte dokument
Please save the report first,Najskôr správu uložte
Please select DocType first,Najskôr vyberte DocType
Please select Entity Type first,Najprv vyberte typ subjektu
Please select Minimum Password Score,"Prosím, vyberte Minimálne skóre hesla"
Please select a Amount Field.,Vyberte pole s čiastkou.
Please select a file or url,Vyberte súbor alebo url adresu
Please select a new name to rename,"Vyberte nový názov, ktorý chcete premenovať"
Please select a valid csv file with data,"Prosím, vyberte platný súbor csv s údajmi"
Please select another payment method. PayPal does not support transactions in currency '{0}',"Vyberte si iný spôsob platby. PayPal nepodporuje transakcie v mene ""{0}"
Please select another payment method. Razorpay does not support transactions in currency '{0}',Vyberte si iný spôsob platby. Razorpay nepodporuje transakcie v mene '{0}'
Please select atleast 1 column from {0} to sort/group,Vyberte aspoň 1 stĺpec z {0} na triedenie/skupinu
Please select document type first.,Najprv vyberte typ dokumentu.
Please select the Document Type.,Vyberte typ dokumentu.
Please set Base URL in Social Login Key for Frappe,"Prosím, nastavte základnú adresu URL v Social Login Key pre Frappe"
Please set Dropbox access keys in your site config,Nastavte prístupové kľúče k službe Dropbox v konfigurácii stránky
Please set a printer mapping for this print format in the Printer Settings,V nastavení tlačiarne nastavte mapovanie tlačiarne pre tento formát tlače
Please set filters,Nastavte prosím filtre
Please set filters value in Report Filter table.,Nastavte hodnotu filtrov v tabuľke Filtre zostáv.
"Please setup SMS before setting it as an authentication method, via SMS Settings",Pred nastavením SMS ako metódy overovania ju nastavte prostredníctvom Nastavení SMS.
Please setup a message first,Najskôr nastavte správu
Please specify which date field must be checked,"Uveďte, ktoré dátumové pole musí byť začiarknuté"
Please specify which value field must be checked,"Uveďte, ktoré pole hodnoty sa musí skontrolovať"
Please try again,Skúste to prosím znova
Please verify your Email Address,Overte si prosím svoju e-mailovú adresu
Point Allocation Periodicity,Periodicita prideľovania bodov
Points,Body
Points Given,Dané body
Port,Prístav
Portal Menu,Menu portálu
Portal Menu Item,Položka ponuky portálu
Post,Príspevok
Post Comment,Komentár k príspevku
Postal,Pošta
Postal Code,Poštové smerovacie číslo
Postprocess Method,Metóda následného spracovania
Posts,Príspevky
Posts by {0},Príspevky od {0}
Posts filed under {0},Príspevky podané v rámci {0}
Precision,Presnosť
Precision should be between 1 and 6,Presnosť by mala byť medzi 1 a 6
Predictable substitutions like '@' instead of 'a' don't help very much.,"Predvídateľné zámeny ako ""@"" namiesto ""a"" veľmi nepomáhajú."
Preferred Billing Address,Uprednostňovaná fakturačná adresa
Preferred Shipping Address,Uprednostňovaná adresa prepravy
Prepared Report,Pripravená správa
Preparing Report,Príprava správy
Preprocess Method,Metóda predbežného spracovania
Press Enter to save,Stlačením tlačidla Enter uložte
Preview HTML,Náhľad HTML
Preview Message,Náhľad správy
Previous,Predchádzajúci
Previous Hash,Predchádzajúci Hash
Primary Color,Primárna farba
Print Documents,Tlač dokumentov
Print Format Builder,Tvorca formátu tlače
Print Format Help,Pomocník pre formát tlače
Print Format Type,Typ formátu tlače
Print Format {0} is disabled,Formát tlače {0} je vypnutý
Print Hide,Vytlačiť Skryť
Print Hide If No Value,Tlač Skryť Ak nie je hodnota
Print Sent to the printer!,Tlač Odoslané do tlačiarne!
Print Server,Tlačový server
Print Style,Štýl tlače
Print Style Name,Názov štýlu tlače
Print Style Preview,Náhľad štýlu tlače
Print Width,Šírka tlače
"Print Width of the field, if the field is a column in a table","Tlač Šírka poľa, ak je pole stĺpec v tabuľke"
Print with letterhead,Tlač s hlavičkovým papierom
Printer,Tlačiareň
Printer Mapping,Mapovanie tlačiarne
Printer Name,Názov tlačiarne
Printer Settings,Nastavenia tlačiarne
Printing failed,Tlač zlyhala
Private Key,Súkromný kľúč
Private and public Notes.,Súkromné a verejné Poznámky.
ProTip: Add <code>Reference: {{ reference_doctype }} {{ reference_name }}</code> to send document reference,ProTip: Pridajte <code>Referencia: {{ reference_doctype }} {{ názov_referencie }}</kód> na odoslanie odkazu na dokument
Processing,Spracovanie
Processing...,Spracovanie...
Prof,Prof.
Progress,Pokrok
Property Setter,Nastavovač vlastností
Property Setter overrides a standard DocType or Field property,Property Setter prepíše štandardnú vlastnosť DocType alebo Field
Property Type,Typ nehnuteľnosti
Provider,Poskytovateľ
Provider Name,Názov poskytovateľa
Public Key,Verejný kľúč
Publishable Key,Publikovateľný kľúč
Published On,Uverejnené na
Pull,Vytiahnuť
Pull Failed,Ťahanie zlyhalo
Pull Insert,Vložka Pull Insert
Pull Update,Aktualizácia ťahania
Push,Push
Push Delete,Stlačte tlačidlo Odstrániť
Push Failed,Tlačenie zlyhalo
Push Insert,Push Insert
Push Update,Aktualizácia tlačidiel
Python Module,Modul Python
Pyver,Pyver
QR Code,Kód QR
QR Code for Login Verification,Kód QR na overenie prihlásenia
QZ Tray Connection Active!,Pripojenie zásobníka QZ aktívne!
QZ Tray Failed: ,QZ zásobník zlyhal:
Quarter Day,Štvrťročný deň
Query,Dotaz
Query Report,Správa o požiadavkách
Query must be a SELECT,Dotaz musí byť SELECT
Queue should be one of {0},Fronta by mala byť jedna z {0}
Queued for backup. It may take a few minutes to an hour.,Čaká sa na zálohu. Môže to trvať niekoľko minút až hodinu.
Queued for backup. You will receive an email with the download link,Čaká sa na zálohu. Dostanete e-mail s odkazom na stiahnutie
Quick Help for Setting Permissions,Rýchla pomoc pre nastavenie oprávnení
Rating: ,Hodnotenie:
Raw Commands,Surové príkazy
Raw Email,Nespracovaný e-mail
Raw Printing,Surová tlač
Razorpay Payment gateway settings,Nastavenia platobnej brány Razorpay
Razorpay Settings,Nastavenia Razorpay
Re: ,Re:
Re: {0},Re: {0}
Read,Prečítajte si
Read Only,Len na čítanie
Read by Recipient,Číta príjemca
Read by Recipient On,Čítané príjemcom na
Rebuild,Prestavba
Receiver Parameter,Parameter prijímača
Recent years are easy to guess.,Posledné roky sa dajú ľahko odhadnúť.
Recipient,Príjemca
Recipient Unsubscribed,Príjemca zrušil odber
Record does not exist,Záznam neexistuje
Records for following doctypes will be filtered,Záznamy pre nasledujúce typy dokumentov budú filtrované
Redirect To,Presmerovanie na
Redirect URI Bound To Auth Code,Presmerovanie URI viazané na autorizačný kód
Redirect URIs,Presmerovanie URI
Redis cache server not running. Please contact Administrator / Tech support,Server vyrovnávacej pamäte Redis nie je spustený. Obráťte sa na správcu/technickú podporu
Ref DocType,Ref DocType
Ref Report DocType,Ref Správa DocType
Reference DocName,Referencia DocName
Reference DocType and Reference Name are required,Referencia DocType a Referenčný názov sú povinné
Reference Report,Referenčná správa
Reference: {0} {1},Odkaz: {0} {1}
Refreshing...,Osviežujúce...
Register OAuth Client App,Registrácia aplikácie klienta OAuth
Registered but disabled,"Registrovaný, ale vypnutý"
Relapsed,Relaps
Relapses,Relapsy
Relink,Prepojenie
Relink Communication,Relink Communication
Relinked,Prepojenie
Reload,Znovu načítať
Remember Last Selected Value,Zapamätať si poslednú zvolenú hodnotu
Remote,Vzdialená adresa
Remote Fieldname,Vzdialený názov poľa
Remote ID,Vzdialené ID
Remote Objectname,Vzdialený názov objektu
Remote Primary Key,Vzdialený primárny kľúč
Remove,Odstránenie stránky
Remove Field,Odstrániť pole
Remove Filter,Odstrániť filter
Remove Section,Odstránenie sekcie
Remove Tag,Odstrániť značku
Remove all customizations?,Odstrániť všetky prispôsobenia?
Removed {0},Odstránené {0}
Rename many items by uploading a .csv file.,Premenujte mnoho položiek nahraním súboru .csv.
Rename {0},Premenovať {0}
Repeat Header and Footer in PDF,Opakovanie záhlavia a päty v PDF
Repeat On,Opakovať zapnuté
Repeat Till,"Opakujte, kým"
Repeat on Day,Opakujte v deň
Repeat this Event,Opakovanie tejto udalosti
"Repeats like ""aaa"" are easy to guess","Opakovania ako ""aaa"" sa dajú ľahko uhádnuť"
"Repeats like ""abcabcabc"" are only slightly harder to guess than ""abc""","Opakovania ako ""abcabcabc"" je len o niečo ťažšie uhádnuť ako ""abc""."
Reply,Odpoveď
Reply All,Odpovedať všetko
Report End Time,Čas ukončenia správy
Report Filters,Filtre správ
Report Hide,Správa Skryť
Report Manager,Správca správ
Report Name,Názov správy
Report Start Time,Čas spustenia správy
Report cannot be set for Single types,Správa sa nedá nastaviť pre jednotlivé typy
Report of all document shares,Správa o všetkých zdieľaných dokumentoch
Report updated successfully,Správa bola úspešne aktualizovaná
Report was not saved (there were errors),Správa nebola uložená (vyskytli sa chyby)
Report {0},Nahlásiť {0}
Report {0} is disabled,Hlásenie {0} je vypnuté
Report:,Správa:
Represents a User in the system.,Reprezentuje používateľa v systéme.
Represents the states allowed in one document and role assigned to change the state.,Predstavuje stavy povolené v jednom dokumente a rolu pridelenú na zmenu stavu.
Request Timed Out,Žiadosť vypršala
Request URL,Adresa URL žiadosti
Require Trusted Certificate,Vyžadovať dôveryhodný certifikát
Res: {0},Rez: {0}
Reset OTP Secret,Obnovenie tajného OTP
Reset Password,Obnovenie hesla
Reset Password Key,Kľúč na obnovenie hesla
Reset Permissions for {0}?,Obnoviť oprávnenia pre {0}?
Reset to defaults,Obnovenie predvolených nastavení
Reset your password,Obnovenie hesla
Response Type,Typ odpovede
Restore,Obnovenie
Restore Original Permissions,Obnovenie pôvodných oprávnení
Restore or permanently delete a document.,Obnovenie alebo trvalé odstránenie dokumentu.
Restore to default settings?,Obnovenie predvolených nastavení?
Restored,Obnovená stránka
Restrict IP,Obmedzenie IP
Restrict To Domain,Obmedziť na doménu
Restrict user for specific document,Obmedzenie používateľa pre konkrétny dokument
Restrict user from this IP address only. Multiple IP addresses can be added by separating with commas. Also accepts partial IP addresses like (111.111.111),"Obmedziť používateľa len z tejto IP adresy. Viacero IP adries je možné pridať oddelením čiarkami. Akceptuje aj čiastočné IP adresy, napríklad (111.111.111)"
Resume Sending,Odoslanie životopisu
Retake,Opätovné prevzatie
Retry,Opakovanie
Return to the Verification screen and enter the code displayed by your authentication app,Vráťte sa na obrazovku Overenie a zadajte kód zobrazený vašou aplikáciou na overovanie.
Reverse Icon Color,Farba obrátenej ikony
Revert,Vrátiť
Revert Of,Vrátiť z
Reverted,Obrátený
Review Level,Úroveň preskúmania
Review Levels,Úrovne preskúmania
Review Points,Kontrolné body
Reviews,Recenzie
Revoke,Zrušiť
Revoked,Odvolané
Rich Text,Bohatý text
Robots.txt,Súbor Robots.txt
Role Name,Názov úlohy
Role Permission for Page and Report,Povolenie rolí pre stránku a správu
Role Permissions,Oprávnenia rolí
Role Profile,Profil úlohy
Role and Level,Úloha a úroveň
Roles,Úlohy
Roles Assigned,Pridelené úlohy
Roles can be set for users from their User page.,Roles môžete nastaviť pre používateľov na ich stránke Používateľ.
Root {0} cannot be deleted,Koreň {0} nemožno vymazať
Round Robin,Okrúhly turnaj
Route History,História trasy
Route Redirects,Presmerovanie trasy
Route to Success Link,Cesta k úspechu Odkaz
Row,Riadok
Row #{0}:,Riadok #{0}:
Row Index,Index riadkov
Row No,Riadok č.
Row Status,Stav riadku
Row Values Changed,Zmena hodnôt riadkov
Row {0}: Not allowed to disable Mandatory for standard fields,Riadok {0}: Nie je povolené vypnúť Povinné pre štandardné polia
Row {0}: Not allowed to enable Allow on Submit for standard fields,Riadok {0}: Nie je povolené povoliť Allow on Submit pre štandardné polia
Rows Added,Pridané riadky
Rows Removed,Odstránené riadky
Rule,Pravidlo
Rule Name,Názov pravidla
Rules defining transition of state in the workflow.,Pravidlá definujúce prechod stavu v pracovnom postupe.
"Rules for how states are transitions, like next state and which role is allowed to change state etc.","Pravidlá pre prechody medzi stavmi, ako napríklad ďalší stav a rola, ktorá môže zmeniť stav atď."
Run,Spustiť
Run scheduled jobs only if checked,"Spúšťať naplánované úlohy, len ak je začiarknuté"
S3 Backup Settings,Nastavenia zálohovania S3
S3 Backup complete!,Zálohovanie S3 dokončené!
SMS,SMS
SMS Gateway URL,Adresa URL brány SMS
SMS Parameter,Parameter SMS
SMS Settings,Nastavenia SMS
SMS sent to following numbers: {0},SMS odoslané na nasledujúce čísla: {0}
SMTP Server,Server SMTP
SMTP Settings for outgoing emails,Nastavenia SMTP pre odchádzajúce e-maily
"SQL Conditions. Example: status=""Open""","Podmienky SQL. Príklad: status=""Open"""
SSL/TLS Mode,Režim SSL/TLS
Salesforce,Salesforce
Same Field is entered more than once,To isté pole je zadané viac ako raz
Save API Secret: ,Uložiť tajomstvo API:
Save As,Uložiť ako
Save Filter,Uložiť filter
Save Report,Uložiť správu
Save filters,Uložiť filtre
Saving,Ukladanie
Saving...,Úspora...
Scan the QR Code and enter the resulting code displayed.,Naskenujte kód QR a zadajte zobrazený kód.
Scopes,Rozsahy
Script,Skript
Script Report,Správa o scenári
Script or Query reports,Skript alebo hlásenia dotazov
Script to attach to all web pages.,Skript na pripojenie ku všetkým webovým stránkam.
Search Fields,Vyhľadávacie polia
Search Help,Vyhľadávanie Pomocník
Search field {0} is not valid,Vyhľadávacie pole {0} nie je platné
Search for '{0}',Hľadať '{0}'
Search for anything,Vyhľadávanie čohokoľvek
Search in a document type,Vyhľadávanie v type dokumentu
Search or Create a New Chat,Vyhľadávanie alebo vytvorenie nového chatu
Search or type a command,Vyhľadávanie alebo zadanie príkazu
Search...,Vyhľadávanie...
Searching,Vyhľadávanie
Searching ...,Vyhľadávanie...
Section Break,Prestávka v sekcii
Section Heading,Nadpis sekcie
Security,Zabezpečenie
Security Settings,Nastavenia zabezpečenia
See all past reports.,Pozrite si všetky predchádzajúce správy.
See on Website,Pozri na webovej lokalite
See the document at {0},Pozri dokument na {0}
Seems API Key or API Secret is wrong !!!,"Zdá sa, že kľúč API alebo tajomstvo API je nesprávne!!!"
Seems Publishable Key or Secret Key is wrong !!!,"Zdá sa, že publikovateľný kľúč alebo tajný kľúč je nesprávny !!!"
"Seems issue with server's razorpay config. Don't worry, in case of failure amount will get refunded to your account.","Zdá sa, že problém s konfiguráciou servera razorpay. Nebojte sa, v prípade neúspechu vám bude suma vrátená na účet."
Seems token you are using is invalid!,"Zdá sa, že používaný token je neplatný!"
Seen,Videné na
Seen By,Videné podľa
Seen By Table,Videné podľa tabuľky
Select Attachments,Vyberte prílohy
Select Child Table,Vybrať tabuľku dieťaťa
Select Column,Vyberte stĺpec
Select Columns,Vybrať stĺpce
Select Document Type,Vyberte typ dokumentu
Select Document Type or Role to start.,Vyberte typ dokumentu alebo rolu a začnite.
Select Document Types to set which User Permissions are used to limit access.,"Výberom položky Typy dokumentov nastavte, ktoré používateľské oprávnenia sa použijú na obmedzenie prístupu."
Select File Format,Vyberte formát súboru
Select File Type,Vyberte typ súboru
Select Language...,Vyberte jazyk...
Select Languages,Vybrať jazyky
Select Module,Vybrať modul
Select Print Format,Vyberte formát tlače
Select Print Format to Edit,Výber formátu tlače na úpravu
Select Role,Vyberte úlohu
Select Table Columns for {0},Výber stĺpcov tabuľky pre {0}
Select Your Region,Vyberte svoj región
Select a Brand Image first.,Najprv vyberte obrázok značky.
Select a DocType to make a new format,Výber typu dokumentu na vytvorenie nového formátu
Select a chat to start messaging.,"Ak chcete začať posielať správy, vyberte chat."
Select a group node first.,Najprv vyberte uzol skupiny.
Select an existing format to edit or start a new format.,"Vyberte existujúci formát, ktorý chcete upraviť, alebo spustite nový formát."
Select an image of approx width 150px with a transparent background for best results.,Pre dosiahnutie najlepších výsledkov vyberte obrázok so šírkou približne 150px a priehľadným pozadím.
Select atleast 1 record for printing,Vyberte aspoň 1 záznam na tlač
Select or drag across time slots to create a new event.,"Ak chcete vytvoriť novú udalosť, vyberte alebo potiahnite cez časové intervaly."
Select records for assignment,Výber záznamov na priradenie
Select the label after which you want to insert new field.,"Vyberte štítok, za ktorý chcete vložiť nové pole."
"Select your Country, Time Zone and Currency","Vyberte svoju krajinu, časové pásmo a menu"
Select {0},Vyberte {0}
Self approval is not allowed,Vlastné schválenie nie je povolené
Send After,Odoslať po
Send Alert On,Odoslať upozornenie na
Send Email Alert,Odoslať e-mailové upozornenie
Send Email Print Attachments as PDF (Recommended),Odoslať e-mailom Vytlačiť prílohy ako PDF (odporúčané)
Send Email for Successful Backup,Odoslanie e-mailu pre úspešné zálohovanie
Send Me A Copy of Outgoing Emails,Poslať mi kópiu odchádzajúcich e-mailov
Send Notification to,Odoslanie oznámenia na adresu
Send Notifications To,Odosielanie oznámení na
Send Print as PDF,Odoslať tlač ako PDF
Send Read Receipt,Odoslanie potvrdenia o prijatí
Send Unsubscribe Link,Odoslať odkaz na odhlásenie
Send Welcome Email,Odoslanie uvítacieho e-mailu
Send alert if date matches this field's value,"Odoslať upozornenie, ak sa dátum zhoduje s hodnotou tohto poľa"
Send alert if this field's value changes,"Odoslať upozornenie, ak sa zmení hodnota tohto poľa"
Send an email reminder in the morning,Ráno pošlite e-mailovú pripomienku
Send days before or after the reference date,Odoslať dni pred alebo po referenčnom dátume
Send enquiries to this email address,Pošlite otázky na túto e-mailovú adresu
Send me a copy,Pošlite mi kópiu
Send only if there is any data,"Odoslať len vtedy, ak sú k dispozícii nejaké údaje"
Send unsubscribe message in email,Odoslanie správy o odhlásení v e-maile
Sender,Odosielateľ
Sender Email,E-mail odosielateľa
Sendgrid,Sendgrid
Sent Read Receipt,Odoslané Prečítané potvrdenie o prijatí
Sent or Received,Odoslané alebo prijaté
Sent/Received Email,Odoslaný/prijatý e-mail
Server IP,IP adresa servera
Session Expired,Platnosť relácie vypršala
Session Expiry,Vypršanie platnosti relácie
Session Expiry Mobile,Vypršanie platnosti relácie Mobile
Session Expiry in Hours e.g. 06:00,"Uplynutie platnosti relácie v hodinách, napr. 06:00"
Session Expiry must be in format {0},Expirácia relácie musí byť vo formáte {0}
Session Start Failed,Spustenie relácie sa nepodarilo
Set Banner from Image,Nastavenie bannera z obrázka
Set Chart,Nastaviť graf
Set Filters,Nastavenie filtrov
Set New Password,Nastavenie nového hesla
Set Number of Backups,Nastavenie počtu záloh
Set Only Once,Nastaviť iba raz
Set Password,Nastavenie hesla
Set Permissions,Nastavenie oprávnení
Set Permissions on Document Types and Roles,Nastavenie oprávnení pre typy dokumentov a roly
Set Property After Alert,Nastavenie vlastnosti po upozornení
Set Quantity,Súprava Množstvo
Set Role For,Nastaviť úlohu pre
Set User Permissions,Nastavenie oprávnení používateľa
Set Value,Nastavená hodnota
Set custom roles for page and report,Nastavenie vlastných rolí pre stránku a hlásenie
"Set default format, page size, print style etc.","Nastavenie predvoleného formátu, veľkosti strany, štýlu tlače atď."
Set non-standard precision for a Float or Currency field,Nastavenie neštandardnej presnosti pre pole Float alebo Currency
Set numbering series for transactions.,Nastavenie číselných radov pre transakcie.
Set up rules for user assignments.,Nastavenie pravidiel pre priradenie používateľov.
Setting this Address Template as default as there is no other default,"Nastavenie tejto šablóny adresy ako predvolenej, pretože neexistuje žiadna iná predvolená"
Setting up your system,Nastavenie systému
Settings for About Us Page.,Nastavenia pre stránku O nás.
Settings for Contact Us Page,Nastavenia pre stránku Kontaktujte nás
Settings for Contact Us Page.,Nastavenia pre stránku Kontaktujte nás.
Settings for OAuth Provider,Nastavenia pre poskytovateľa OAuth
Settings for the About Us Page,Nastavenia stránky O nás
Setup Auto Email,Nastavenie automatického e-mailu
Setup Complete,Dokončenie nastavenia
Setup Notifications based on various criteria.,Nastavenie oznámení na základe rôznych kritérií.
Setup Reports to be emailed at regular intervals,"Nastavenie správ, ktoré sa majú posielať e-mailom v pravidelných intervaloch"
"Setup of top navigation bar, footer and logo.","Nastavenie horného navigačného panela, päty a loga."
Share,Zdieľať
Share URL,Zdieľať adresu URL
Share With,Zdieľať s
Share this document with,Zdieľajte tento dokument s
Share {0} with,Zdieľať {0} s
Shared,Spoločná stránka
Shared With,Zdieľané s
Shared with everyone,Zdieľané so všetkými
Shared with {0},Zdieľané s {0}
Shop,Obchod
Short keyboard patterns are easy to guess,Krátke vzory klávesnice sa dajú ľahko uhádnuť
Show Attachments,Zobraziť prílohy
Show Calendar,Zobraziť kalendár
Show Dashboard,Zobraziť prístrojový panel
Show Full Error and Allow Reporting of Issues to the Developer,Zobrazenie úplnej chyby a umožnenie nahlasovania problémov vývojárovi
Show Line Breaks after Sections,Zobrazenie zlomov riadkov za oddielmi
Show Permissions,Zobraziť oprávnenia
Show Preview Popup,Zobraziť vyskakovacie okno náhľadu
Show Relapses,Zobraziť recidívy
Show Report,Zobraziť správu
Show Section Headings,Zobraziť nadpisy sekcií
Show Sidebar,Zobraziť bočný panel
Show Title,Zobraziť názov
Show Totals,Zobraziť súčty
Show Weekends,Výstavné víkendy
Show all Versions,Zobraziť všetky verzie
Show as Grid,Zobraziť ako mriežku
Show as cc,Zobraziť ako cc
Show failed jobs,Zobraziť neúspešné úlohy
Show in Module Section,Zobraziť v časti Modul
Show in filter,Zobraziť vo filtri
Show more details,Zobraziť viac informácií
Show only errors,Zobraziť len chyby
"Show title in browser window as ""Prefix - title""","Zobrazenie názvu v okne prehliadača ako ""Prefix - názov"""
Showing only Numeric fields from Report,Zobrazenie iba číselných polí zo správy
Sidebar Items,Položky bočného panela
Sidebar Settings,Nastavenia bočného panela
Sidebar and Comments,Bočný panel a komentáre
Sign Up,Zaregistrujte sa
Sign Up is disabled,Registrácia je vypnutá
Signature,Podpis
"Simple Python Expression, Example: Status in (""Closed"", ""Cancelled"")","Jednoduchý výraz v jazyku Python, príklad: Stav v (""Closed"", ""Cancelled"")"
"Simple Python Expression, Example: status == 'Open' and type == 'Bug'","Jednoduchý výraz jazyka Python, príklad: status == 'Open' a type == 'Bug'"
Simultaneous Sessions,Súbežné relácie
Single DocTypes cannot be customized.,Jednotlivé typy dokumentov nie je možné prispôsobiť.
Single Post (article).,Single Post (článok).
Single Types have only one record no tables associated. Values are stored in tabSingles,Jednotlivé typy majú len jeden záznam bez pridružených tabuliek. Hodnoty sa ukladajú do tabSingles
Skip Authorization,Preskočiť autorizáciu
Skip rows with errors,Preskočiť riadky s chybami
Skype,Skype
Slack,Slack
Slack Channel,Kanál Slack
Slack Webhook Error,Chyba webového háku služby Slack
Slack Webhook URL,URL adresa webového háčika služby Slack
Slack Webhooks for internal integration,Webové háčiky služby Slack na internú integráciu
Slideshow Items,Položky prezentácie
Slideshow Name,Názov prezentácie
Slideshow like display for the website,Zobrazenie prezentácie na webovej stránke
Small Text,Malý text
Smallest Currency Fraction Value,Najmenšia hodnota zlomku meny
Smallest circulating fraction unit (coin). For e.g. 1 cent for USD and it should be entered as 0.01,"Najmenšia jednotka frakcie v obehu (minca). Napr. 1 cent pre USD a mal by byť zadaný ako 0,01"
Snapshot View,Zobrazenie snímky
Social,Sociálna sieť
Social Login Key,Kľúč na prihlásenie do sociálnej siete
Social Login Provider,Poskytovateľ sociálneho prihlásenia
Social Logins,Prihlásenia do sociálnych sietí
Socketio is not connected. Cannot upload,Socketio nie je pripojený. Nemožno odoslať
Soft-Bounced,Mäkko ohýbaný
Some of the features might not work in your browser. Please update your browser to the latest version.,Niektoré funkcie nemusia vo vašom prehliadači fungovať. Aktualizujte svoj prehliadač na najnovšiu verziu.
Something went wrong,Niečo sa pokazilo
Something went wrong while generating dropbox access token. Please check error log for more details.,Pri generovaní prístupového tokenu dropboxu sa niečo pokazilo. Podrobnejšie informácie nájdete v protokole o chybách.
Sorry! I could not find what you were looking for.,"Prepáčte! Nenašiel som, čo ste hľadali."
Sorry! Sharing with Website User is prohibited.,Prepáčte! Zdieľanie s používateľom webovej stránky je zakázané.
Sorry! User should have complete access to their own record.,Prepáčte! Používateľ by mal mať úplný prístup k vlastnému záznamu.
Sorry! You are not permitted to view this page.,Prepáčte! Túto stránku nemáte povolené zobraziť.
"Sorry, you're not authorized.","Je mi ľúto, ale nemáte oprávnenie."
Sort Field,Triediace pole
Sort Order,Poradie triedenia
Sort field {0} must be a valid fieldname,Triediace pole {0} musí byť platný názov poľa
Source Text,Zdrojový text
Spam,Spam
SparkPost,SparkPost
Special Characters are not allowed,Špeciálne znaky nie sú povolené
"Standard DocType cannot have default print format, use Customize Form","Štandardný DocType nemôže mať predvolený formát tlače, použite Customize Form"
Standard Print Format cannot be updated,Štandardný formát tlače nie je možné aktualizovať
Standard Print Style cannot be changed. Please duplicate to edit.,"Štandardný štýl tlače nie je možné zmeniť. Ak chcete upraviť, zduplikujte ho."
Standard Reports,Štandardné správy
Standard Sidebar Menu,Štandardné menu bočného panela
Standard roles cannot be disabled,Štandardné roly nie je možné vypnúť
Standard roles cannot be renamed,Štandardné roly nie je možné premenovať
Standings,Poradie
Start Date Field,Pole Dátum začiatku
Start a conversation.,Začnite konverzáciu.
Start entering data below this line,Začnite zadávať údaje pod týmto riadkom
Start new Format,Spustenie nového formátu
StartTLS,StartTLS
Started,Začal
Starting Frappe ...,Začíname Frappe ...
Starts on,Začína sa na
States,Štáty
"States for workflow (e.g. Draft, Approved, Cancelled).","stavy pracovného postupu (napr. Návrh, Schválené, Zrušené)."
Static Parameters,Statické parametre
Stats based on last month's performance (from {0} to {1}),Štatistiky založené na výkone za posledný mesiac (od {0} do {1})
Stats based on last week's performance (from {0} to {1}),Štatistiky založené na výkone z minulého týždňa (od {0} do {1})
Status: {0},Stav: {0}
Steps to verify your login,Kroky na overenie prihlásenia
Stores the JSON of last known versions of various installed apps. It is used to show release notes.,Ukladá JSON posledných známych verzií rôznych nainštalovaných aplikácií. Používa sa na zobrazenie poznámok k vydaniu.
Straight rows of keys are easy to guess,Rovné rady kľúčov sa dajú ľahko uhádnuť
Stripe Settings,Nastavenia pásika
Stripe payment gateway settings,Nastavenia platobnej brány Stripe
Style,Štýl
Style Settings,Nastavenia štýlu
"Style represents the button color: Success - Green, Danger - Red, Inverse - Black, Primary - Dark Blue, Info - Light Blue, Warning - Orange","Štýl predstavuje farbu tlačidla: Úspech - zelená, Nebezpečenstvo - červená, Inverzná - čierna, Primárna - tmavomodrá, Informačná - svetlomodrá, Varovná - oranžová"
Stylesheets for Print Formats,Súbory štýlov pre tlačové formáty
"Sub-currency. For e.g. ""Cent""","Podmenu. Napríklad ""Cent"""
Sub-domain provided by erpnext.com,Subdoménu poskytuje erpnext.com
Subdomain,Subdoména
Subject Field,Predmetná oblasť
Submit after importing,Odoslať po importovaní
Submit an Issue,Odoslanie problému
Submit this document to confirm,Predložte tento dokument na potvrdenie
Submit {0} documents?,Odoslať {0} dokumentov?
Submitting {0},Odoslanie {0}
Submitted Document cannot be converted back to draft. Transition row {0},Odoslaný dokument nie je možné previesť späť na návrh. Riadok prechodu {0}
Submitting,Odosielanie
Subscription Notification,Oznámenie o predplatnom
Subsidiary,Dcérska spoločnosť
Success Action,Úspešná akcia
Success Message,Správa o úspechu
Success URL,Úspešná adresa URL
Successful: {0} to {1},Úspešne: {0} až {1}
Successfully Done,Úspešne dokončené
Successfully Updated,Úspešne aktualizované
Successfully updated translations,Úspešne aktualizované preklady
Suggested Username: {0},Navrhované používateľské meno: {0}
Sum,Suma
Sum of {0},Súčet {0}
Support Email Address Not Specified,E-mailová adresa podpory Nie je špecifikovaná
Suspend Sending,Pozastavenie odosielania
Switch To Desk,Prepnutie na stôl
Symbol,Symbol
Sync,Synchronizácia
Sync on Migrate,Synchronizácia pri migrácii
Syntax error in template,Chyba syntaxe v šablóne
System,Systém
System Page,Systémová stránka
System Settings,Nastavenia systému
System User,Používateľ systému
System and Website Users,Používatelia systému a webovej lokality
Table,Tabuľka
Table Field,Tabuľkové pole
Table HTML,Tabuľka HTML
Table MultiSelect,Tabuľka MultiSelect
Table updated,Aktualizovaná tabuľka
Table {0} cannot be empty,Tabuľka {0} nemôže byť prázdna
Take Backup Now,Zálohovanie teraz
Take Photo,Urobte si fotografiu
Team Members,Členovia tímu
Team Members Heading,Členovia tímu Vedúci
Temporarily Disabled,Dočasne zakázané
Test Email Address,Testovacia e-mailová adresa
Test Runner,Testovací bežec
Test_Folder,Test_Folder
Text,Text
Text Align,Zarovnanie textu
Text Color,Farba textu
Text Content,Obsah textu
Text Editor,Textový editor
Text to be displayed for Link to Web Page if this form has a web page. Link route will be automatically generated based on `page_name` and `parent_website_route`,"Text, ktorý sa má zobraziť pre Odkaz na webovú stránku, ak má tento formulár webovú stránku. Trasa odkazu sa automaticky vygeneruje na základe `názvu_stránky` a `rodičovskej_webovej_trase`"
Thank you for your email,Ďakujeme za váš e-mail
Thank you for your interest in subscribing to our updates,Ďakujeme za váš záujem o odber našich aktualizácií
Thank you for your message,Ďakujeme za vašu správu
The CSV format is case sensitive,Formát CSV rozlišuje veľké a malé písmená
The Condition '{0}' is invalid,Podmienka '{0}' je neplatná
The First User: You,Prvý používateľ: Vy
"The application has been updated to a new version, please refresh this page","Aplikácia bola aktualizovaná na novú verziu, obnovte túto stránku"
The attachments could not be correctly linked to the new document,Prílohy nebolo možné správne prepojiť s novým dokumentom
The document could not be correctly assigned,Dokument nebolo možné správne priradiť
The document has been assigned to {0},Dokument bol priradený k {0}
The first user will become the System Manager (you can change this later).,Prvým používateľom sa stane Správca systému (neskôr to môžete zmeniť).
The name that will appear in Google Calendar,"Názov, ktorý sa zobrazí v Kalendári Google"
The process for deletion of {0} data associated with {1} has been initiated.,Začal sa proces vymazania údajov {0} spojených s {1}.
The resource you are looking for is not available,Hľadaný zdroj nie je k dispozícii
The system provides many pre-defined roles. You can add new roles to set finer permissions.,Systém poskytuje mnoho preddefinovaných rolí. Môžete pridať nové roly a nastaviť jemnejšie oprávnenia.
The user from this field will be rewarded points,Používateľ z tohto poľa bude odmenený bodmi
Theme,Téma
Theme URL,Adresa URL témy
There can be only one Fold in a form,Vo formulári môže byť len jeden sklad
There is an error in your Address Template {0},Vo vašej šablóne adresy sa vyskytla chyba {0}
There is no data to be exported,"Neexistujú žiadne údaje, ktoré by sa mali exportovať"
There is some problem with the file url: {0},S url adresou súboru je nejaký problém: {0}
There must be atleast one permission rule.,Musí existovať aspoň jedno pravidlo o povolení.
"There seems to be an issue with the server's braintree configuration. Don't worry, in case of failure, the amount will get refunded to your account.","Zdá sa, že je problém s konfiguráciou braintree servera. Nemajte obavy, v prípade neúspechu bude suma vrátená na váš účet."
There should remain at least one System Manager,Mal by zostať aspoň jeden systémový manažér
There was an error saving filters,Pri ukladaní filtrov došlo k chybe
There were errors,Vyskytli sa chyby
There were errors while creating the document. Please try again.,Pri vytváraní dokumentu sa vyskytli chyby. Skúste to prosím znova.
There were errors while sending email. Please try again.,Pri odosielaní e-mailu sa vyskytli chyby. Skúste to prosím znova.
"There were some errors setting the name, please contact the administrator","Pri nastavovaní názvu sa vyskytli chyby, obráťte sa na správcu"
These values will be automatically updated in transactions and also will be useful to restrict permissions for this user on transactions containing these values.,Tieto hodnoty sa budú automaticky aktualizovať v transakciách a budú tiež užitočné na obmedzenie oprávnení tohto používateľa na transakcie obsahujúce tieto hodnoty.
Third Party Apps,Aplikácie tretích strán
Third Party Authentication,Overovanie tretej strany
This Currency is disabled. Enable to use in transactions,Táto mena je vypnutá. Povolenie používania v transakciách
This Kanban Board will be private,Táto tabuľa Kanban bude súkromná
This document cannot be reverted,Tento dokument nemožno vrátiť späť
This document has been modified after the email was sent.,Tento dokument bol po odoslaní e-mailu upravený.
This document has been reverted,Tento dokument bol vrátený
This document is currently queued for execution. Please try again,Tento dokument je momentálne zaradený do frontu na vykonanie. Skúste to prosím znova
This email is autogenerated,Tento e-mail sa generuje automaticky
This email was sent to {0},Tento e-mail bol odoslaný na adresu {0}
This email was sent to {0} and copied to {1},Tento e-mail bol odoslaný na adresu {0} a skopírovaný na adresu {1}
This feature is brand new and still experimental,Táto funkcia je úplne nová a stále experimentálna
This field will appear only if the fieldname defined here has value OR the rules are true (examples):\nmyfield\neval:doc.myfield=='My Value'\neval:doc.age&gt;18,"Toto pole sa zobrazí len vtedy, ak tu definovaný názov poľa má hodnotu ALEBO sú splnené pravidlá (príklady):\nmyfield\neval:doc.myfield=='My Value'\neval:doc.age&gt;18"
This form does not have any input,Tento formulár nemá žiadne vstupné údaje
This form has been modified after you have loaded it,Tento formulár bol po načítaní upravený
This format is used if country specific format is not found,"Tento formát sa použije, ak sa nenájde formát špecifický pre danú krajinu."
This goes above the slideshow.,Toto sa nachádza nad prezentáciou.
This is a background report. Please set the appropriate filters and then generate a new one.,Toto je podkladová správa. Nastavte príslušné filtre a potom vygenerujte novú správu.
This is a top-10 common password.,Toto je 10 najčastejších hesiel.
This is a top-100 common password.,Toto je 100 najčastejších hesiel.
This is a very common password.,Toto je veľmi časté heslo.
This is an automatically generated reply,Toto je automaticky vygenerovaná odpoveď
This is similar to a commonly used password.,Je to podobné ako bežne používané heslo.
This is the template file generated with only the rows having some error. You should use this file for correction and import.,"Toto je súbor šablóny vygenerovaný len s riadkami, ktoré majú nejakú chybu. Tento súbor by ste mali použiť na opravu a import."
This link has already been activated for verification.,Toto prepojenie už bolo aktivované na overenie.
This link is invalid or expired. Please make sure you have pasted correctly.,"Toto prepojenie je neplatné alebo jeho platnosť vypršala. Skontrolujte, či ste odkaz vložili správne."
This may get printed on multiple pages,Táto informácia sa môže vytlačiť na viacerých stranách
This month,Tento mesiac
This query style is discontinued,Tento štýl dopytu sa prestáva používať
This report was generated on {0},Táto správa bola vytvorená dňa {0}
This report was generated {0}.,Táto správa bola vygenerovaná {0}.
This request has not yet been approved by the user.,Túto žiadosť používateľ ešte neschválil.
This role update User Permissions for a user,Táto rola aktualizuje oprávnenia používateľa pre používateľa
This will log out {0} from all other devices,Tým sa odhlási {0} zo všetkých ostatných zariadení
This will permanently remove your data.,Tým sa vaše údaje natrvalo odstránia.
Throttled,Škrtené
Thumbnail URL,Adresa URL miniatúry
Time Interval,Časový interval
Time Series,Časové rady
Time Series Based On,Časové rady založené na
Time Zone,Časové pásmo
Time Zones,Časové pásma
Time in seconds to retain QR code image on server. Min:<strong>240</strong>,Čas v sekundách na uchovanie obrázka QR kódu na serveri. Min:<strong>240</strong>
Timeline DocType,Časová os DocType
Timeline Field,Pole časovej osi
Timeline Links,Odkazy na časovú os
Timeline Name,Názov časovej osi
Timeline field must be a Link or Dynamic Link,Pole časovej osi musí byť prepojenie alebo dynamické prepojenie
Timeline field must be a valid fieldname,Pole časovej osi musí byť platný názov poľa
Timeseries,Časové rady
Timestamp,Časová pečiatka
Title Case,Titulný prípad
Title Field,Pole s názvom
Title Prefix,Predpona názvu
Title field must be a valid fieldname,Pole Title musí byť platný názov poľa
To Date Field,Pole Do dátumu
To Do,Urobiť
To User,Používateľovi
"To add dynamic subject, use jinja tags like\n\n<div><pre><code>New {{ doc.doctype }} #{{ doc.name }}</code></pre></div>","Ak chcete pridať dynamický predmet, použite značky jinja, napríklad\n\n<div><pre><code>Nový {{ doc.doctype }} #{{ doc.name }}</code></pre></div>"
"To add dynamic subject, use jinja tags like\n\n<div><pre><code>{{ doc.name }} Delivered</code></pre></div>","Ak chcete pridať dynamický predmet, použite značky jinja, napríklad\n\n<div><pre><code>{{ doc.name }} Doručené</code></pre></div>"
To and CC,Do a CC
"To get the updated report, click on {0}.","Ak chcete získať aktualizovanú správu, kliknite na {0}."
ToDo,ToDo
Today,Dnes
Toggle Chart,Prepínací graf
Toggle Charts,Prepínanie grafov
Toggle Grid View,Prepnutie zobrazenia mriežky
Toggle Sidebar,Prepínanie bočného panela
Token,Token
Token is missing,Token chýba
"Too many users signed up recently, so the registration is disabled. Please try back in an hour","Nedávno sa zaregistrovalo príliš veľa používateľov, preto je registrácia zakázaná. Prosím, skúste to znova za hodinu."
Too many writes in one request. Please send smaller requests,"Príliš veľa zápisov v jednej žiadosti. Prosím, posielajte menšie požiadavky"
Top Bar Item,Položka hornej lišty
Top Bar Items,Top položky baru
Top Performer,Najlepší výkonný hráč
Top Reviewer,Najlepší recenzent
Top {0},Vrchol {0}
Total Pages,Celkový počet strán
Total Rows,Celkový počet riadkov
Total Subscribers,Celkový počet predplatiteľov
Total number of emails to sync in initial sync process ,Celkový počet e-mailov na synchronizáciu v procese počiatočnej synchronizácie
Totals Row,Celkové súčty Riadok
Track Changes,Sledovanie zmien
Track Email Status,Sledovanie stavu e-mailu
Track Field,Traťové pole
Track Seen,Videná stopa
Track Views,Pohľady na skladby
"Track if your email has been opened by the recipient.\n<br>\nNote: If you're sending to multiple recipients, even if 1 recipient reads the email, it'll be considered ""Opened""","Sledujte, či príjemca otvoril váš e-mail.\n<br>\nPoznámka: Ak posielate viacerým príjemcom, aj keď si e-mail prečíta 1 príjemca, bude sa považovať za ""otvorený""."
Track milestones for any document,Sledovanie míľnikov pre akýkoľvek dokument
Transaction Hash,Transakcia Hash
Transaction Log,Protokol transakcií
Transaction Log Report,Správa denníka transakcií
Transition Rules,Pravidlá prechodu
Transitions,Prechody
Translatable,Preložiteľné
Translate {0},Preložiť {0}
Translated Text,Preložený text
Translation,Preklad
Translations,Preklady
Trash,Odpadky
Tree,Strom
Trigger Method,Spúšťacia metóda
Trigger Name,Názov spúšťača
"Trigger on valid methods like ""before_insert"", ""after_update"", etc (will depend on the DocType selected)","Spúšťanie platných metód ako ""before_insert"", ""after_update"" atď. (závisí od vybraného typu dokumentu)"
Try to avoid repeated words and characters,Snažte sa vyhnúť opakujúcim sa slovám a znakom
Try to use a longer keyboard pattern with more turns,Skúste použiť dlhší vzor klávesnice s väčším počtom otáčok
Two Factor Authentication,Dvojfaktorové overovanie
Two Factor Authentication method,Metóda dvojfaktorového overovania
Type something in the search box to search,Zadajte niečo do vyhľadávacieho poľa a vyhľadajte
Type:,Typ:
UID,UID
UIDNEXT,UIDNEXT
UIDVALIDITY,UIDVALIDITY
UNSEEN,NEVIDITEĽNÉ
UPPER CASE,HORNÝ PRÍPAD
"URIs for receiving authorization code once the user allows access, as well as failure responses. Typically a REST endpoint exposed by the Client App.\n<br>e.g. http://hostname//api/method/frappe.www.login.login_via_facebook","URI na prijímanie autorizačného kódu, keď používateľ povolí prístup, ako aj odpovede na zlyhanie. Zvyčajne koncový bod REST vystavený klientskou aplikáciou.\n<br>napr. http://hostname//api/method/frappe.www.login.login_via_facebook"
URLs,Adresy URL
Unable to find attachment {0},Nie je možné nájsť prílohu {0}
Unable to load camera.,Nie je možné načítať kameru.
Unable to load: {0},Nie je možné načítať: {0}
Unable to open attached file. Did you export it as CSV?,Nie je možné otvoriť priložený súbor. Exportovali ste ho ako CSV?
Unable to read file format for {0},Nie je možné načítať formát súboru pre {0}
Unable to send emails at this time,V tomto čase nie je možné odosielať e-maily
Unable to update event,Nie je možné aktualizovať udalosť
Unable to write file format for {0},Nie je možné zapísať formát súboru pre {0}
Unassign Condition,Zrušenie priradenia Podmienka
Under Development,Vo vývoji
Unfollow,Odstrániť
Unhandled Email,Nespracovaný e-mail
Unique,Jedinečné
Unknown Column: {0},Neznámy stĺpec: {0}
Unknown User,Neznámy používateľ
"Unknown file encoding. Tried utf-8, windows-1250, windows-1252.","Neznáme kódovanie súboru. Skúšal som utf-8, windows-1250, windows-1252."
Unread,Neprečítané
Unread Notification Sent,Odoslané neprečítané oznámenie
Unselect All,Zrušiť výber všetkých
Unshared,Nezdieľané
Unsubscribe,Odhlásiť sa z odberu
Unsubscribe Method,Metóda odhlásenia
Unsubscribe Param,Odhlásiť Param
Unsupported File Format,Nepodporovaný formát súboru
Unzip,Rozbaľte stránku
Unzipped {0} files,Rozbalené súbory {0}
Unzipping files...,Rozbaľovanie súborov...
Upcoming Events for Today,Nadchádzajúce udalosti na dnes
Update Field,Aktualizácia poľa
Update Translations,Aktualizácia prekladov
Update Value,Aktualizácia hodnoty
Update many values at one time.,Aktualizácia mnohých hodnôt naraz.
Update records,Aktualizácia záznamov
Updated,Aktualizované stránky
Updated successfully,Úspešne aktualizované
Updated {0}: {1},Aktualizované {0}: {1}
Updating,Aktualizácia stránky
Updating {0},Aktualizácia {0}
Upload Failed,Nahrávanie sa nepodarilo
Uploaded To Dropbox,Nahrané do služby Dropbox
Use ASCII encoding for password,Použitie kódovania ASCII pre heslo
Use Different Email Login ID,Používanie iného e-mailového prihlasovacieho ID
Use IMAP,Používanie protokolu IMAP
Use POST,Použite POST
Use SSL,Používanie protokolu SSL
Use TLS,Používanie TLS
"Use a few words, avoid common phrases.","Používajte málo slov, vyhýbajte sa bežným frázam."
Use of sub-query or function is restricted,Použitie poddotazu alebo funkcie je obmedzené
Use socketio to upload file,Použitie socketio na odosielanie súborov
Use this fieldname to generate title,Použite tento názov poľa na generovanie názvu
User '{0}' already has the role '{1}',Používateľ '{0}' už má rolu '{1}'
User Cannot Create,Používateľ nemôže vytvoriť
User Cannot Search,Používateľ nemôže vyhľadávať
User Defaults,Predvolené nastavenia používateľa
User Email,E-mail používateľa
User Emails,E-maily používateľov
User Field,Používateľské pole
User ID of a Blogger,ID používateľa blogera
User Image,Obrázok používateľa
User Name,Meno používateľa
User Permission,Oprávnenie používateľa
User Permissions,Oprávnenia používateľa
User Permissions are used to limit users to specific records.,Oprávnenia používateľov sa používajú na obmedzenie používateľov na konkrétne záznamy.
User Permissions created sucessfully,Oprávnenia používateľa vytvorené úspešne
User Roles,Používateľské roly
User Social Login,Prihlásenie používateľa do sociálnej siete
User Tags,Štítky používateľov
User Type,Typ používateľa
User can login using Email id or Mobile number,Používateľ sa môže prihlásiť pomocou e-mailu alebo mobilného čísla
User can login using Email id or User Name,Používateľ sa môže prihlásiť pomocou e-mailu alebo používateľského mena
User editable form on Website.,Používateľsky upraviteľný formulár na webovej lokalite.
User is mandatory for Share,Používateľ je povinný pre Share
User not allowed to delete {0}: {1},Používateľ nemá povolené vymazať {0}: {1}
User permission already exists,Oprávnenie používateľa už existuje
User permissions should not apply for this Link,Oprávnenia používateľa by sa nemali vzťahovať na toto prepojenie
User {0} cannot be deleted,Používateľa {0} nemožno vymazať
User {0} cannot be disabled,Používateľa {0} nemožno vypnúť
User {0} cannot be renamed,Používateľa {0} nemožno premenovať
User {0} does not have access to this document,Používateľ {0} nemá prístup k tomuto dokumentu
User {0} does not have doctype access via role permission for document {1},Používateľ {0} nemá prístup k dokladu typu prostredníctvom oprávnenia roly pre dokument {1}
Username,Používateľské meno
Username {0} already exists,Užívateľské meno {0} už existuje
Users with role {0}:,Používatelia s rolou {0}:
Uses the Email Address Name mentioned in this Account as the Sender's Name for all emails sent using this Account.,Používa názov e-mailovej adresy uvedený v tomto konte ako názov odosielateľa pre všetky e-maily odoslané pomocou tohto konta.
Uses the Email Address mentioned in this Account as the Sender for all emails sent using this Account. ,Používa e-mailovú adresu uvedenú v tomto konte ako odosielateľa pre všetky e-maily odoslané pomocou tohto konta.
Valid,Platné
Valid Login id required.,Vyžaduje sa platné prihlasovacie ID.
Valid email and name required,Vyžaduje sa platný e-mail a meno
Value Based On,Hodnota založená na
Value Change,Zmena hodnoty
Value Changed,Zmenená hodnota
Value To Be Set,"Hodnota, ktorá sa má nastaviť"
Value cannot be changed for {0},Hodnotu nie je možné zmeniť pre {0}
Value for a check field can be either 0 or 1,Hodnota kontrolného poľa môže byť 0 alebo 1
Value for {0} cannot be a list,Hodnota pre {0} nemôže byť zoznam
Value missing for,Chýbajúca hodnota pre
Value too big,Príliš veľká hodnota
Values Changed,Zmenené hodnoty
Verdana,Verdana
Verfication Code,Overovací kód
Verification Link,Odkaz na overenie
Verification code has been sent to your registered email address.,Na vašu registrovanú e-mailovú adresu bol odoslaný overovací kód.
Verify,Overiť
Verify Password,Overenie hesla
Verifying...,Overovanie...
Version,Verzia
Version Updated,Aktualizovaná verzia
View All,Zobraziť všetko
View Comment,Zobraziť komentár
View List,Zobraziť zoznam
View Log,Zobraziť denník
View Permitted Documents,Zobraziť povolené dokumenty
View Properties (via Customize Form),Zobrazenie vlastností (prostredníctvom formulára Prispôsobiť)
View Settings,Zobraziť nastavenia
View Website,Zobraziť webovú stránku
View document,Zobraziť dokument
View report in your browser,Zobrazenie správy v prehliadači
View this in your browser,Zobrazte si to v prehliadači
View {0},Zobraziť {0}
Viewed By,Zobrazené podľa
Visit,Navštívte stránku
Visitor,Návštevník
We have received a request for deletion of {0} data associated with: {1},Dostali sme žiadosť o vymazanie údajov {0} súvisiacich s: {1}
We have received a request from you to download your {0} data associated with: {1},Dostali sme od vás žiadosť o stiahnutie vašich {0} údajov súvisiacich s: {1}
Web Form,Webový formulár
Web Form Field,Pole webového formulára
Web Form Fields,Polia webového formulára
Web Page,Webová stránka
Web Page Link Text,Text prepojenia webovej stránky
Web Site,Webové sídlo
Web View,Webové zobrazenie
Webhook,Webhook
Webhook Data,Údaje webového háčika
Webhook Header,Hlavička webhooku
Webhook Headers,Hlavičky webhooku
Webhook Request,Žiadosť Webhook
Webhook URL,Adresa URL webového háčika
Webhooks calling API requests into web apps,Webové háčiky volajúce požiadavky API do webových aplikácií
Website Meta Tag,Meta značka webovej lokality
Website Route Meta,Webová stránka Route Meta
Website Route Redirect,Presmerovanie trasy webovej lokality
Website Script,Skript webovej stránky
Website Sidebar,Bočný panel webovej lokality
Website Sidebar Item,Položka bočného panela webovej lokality
Website Slideshow,Prezentácia webovej stránky
Website Slideshow Item,Položka prezentácie webovej lokality
Website Theme,Téma webovej stránky
Website Theme Image,Obrázok témy webovej stránky
Website Theme Image Link,Odkaz na obrázok témy webovej stránky
Website User,Používateľ webovej stránky
Welcome Message,Uvítacia správa
"When you Amend a document after Cancel and save it, it will get a new number that is a version of the old number.","Keď dokument po Zrušení zmeníte a uložíte, dostane nové číslo, ktoré je verziou starého čísla."
Width,Šírka
Widths can be set in px or %.,Šírku možno nastaviť v px alebo %.
Will be used in url (usually first name).,Použije sa v url (zvyčajne meno).
Will be your login ID,Bude to vaše prihlasovacie ID
Will only be shown if section headings are enabled,"Zobrazí sa len vtedy, ak sú povolené nadpisy sekcií"
With Letter head,S hlavičkou listu
With Letterhead,S hlavičkovým papierom
Workflow Action,Akcia pracovného postupu
Workflow Action Master,Hlavná akcia pracovného postupu
Workflow Action Name,Názov akcie pracovného postupu
Workflow Document State,Stav dokumentu pracovného postupu
Workflow Name,Názov pracovného postupu
Workflow State,Stav pracovného postupu
Workflow State Field,Pole stavu pracovného postupu
Workflow State not set,Stav pracovného postupu nie je nastavený
Workflow Transition,Prechod na pracovný postup
Workflow state represents the current state of a document.,Stav pracovného postupu predstavuje aktuálny stav dokumentu.
Write,Napíšte na
Wrong fieldname <b>{0}</b> in add_fetch configuration of custom script,Nesprávny názov poľa <b>{0}</b> v konfigurácii add_fetch vlastného skriptu
X Axis Field,Pole osi X
XLSX,XLSX
Y Axis Fields,Polia osi Y
Yahoo Mail,Yahoo Mail
Yandex.Mail,Yandex.Mail
Yesterday,Včera
You are connected to internet.,Ste pripojení na internet.
You are not allowed to create columns,Nie je povolené vytvárať stĺpce
You are not allowed to delete a standard Website Theme,Nie je povolené odstrániť štandardnú tému webovej lokality
You are not allowed to print this document,Tento dokument nesmiete tlačiť
You are not allowed to print this report,Túto správu nie je možné vytlačiť
You are not allowed to send emails related to this document,Nie je povolené posielať e-maily súvisiace s týmto dokumentom
You are not allowed to update this Web Form Document,Nie je povolené aktualizovať tento dokument webového formulára
You are not connected to Internet. Retry after sometime.,Nie ste pripojení na internet. Po nejakom čase to skúste znova.
You are not permitted to access this page.,Nemáte povolený prístup na túto stránku.
You are not permitted to view the newsletter.,Nie je povolené zobrazovať informačný bulletin.
You are now following this document. You will receive daily updates via email. You can change this in User Settings.,Teraz sledujete tento dokument. Denne budete dostávať aktualizácie prostredníctvom e-mailu. Môžete to zmeniť v Nastaveniach používateľa.
You can add dynamic properties from the document by using Jinja templating.,Dynamické vlastnosti môžete pridať z dokumentu pomocou šablón Jinja.
You can also copy-paste this ,Môžete tiež skopírovať a vložiť tento
"You can change Submitted documents by cancelling them and then, amending them.","Odoslané dokumenty môžete zmeniť tak, že ich zrušíte a následne zmeníte."
You can find things by asking 'find orange in customers',"Veci môžete nájsť pomocou otázky ""find orange in customers""."
You can only upload upto 5000 records in one go. (may be less in some cases),Jednorazovo môžete nahrať iba 5000 záznamov. (v niektorých prípadoch to môže byť menej)
You can use Customize Form to set levels on fields.,Pomocou funkcie Prispôsobiť formulár môžete nastaviť úrovne polí.
You can use wildcard %,Môžete použiť zástupný znak %
You can't set 'Options' for field {0},Nemôžete nastaviť 'Možnosti' pre pole {0}
You can't set 'Translatable' for field {0},Nemôžete nastaviť 'Translatable' pre pole {0}
You cannot give review points to yourself,Body za hodnotenie nemôžete udeliť sami sebe
You cannot unset 'Read Only' for field {0},Nemôžete zrušiť nastavenie 'Len na čítanie' pre pole {0}
You do not have enough permissions to access this resource. Please contact your manager to get access.,Nemáte dostatočné oprávnenie na prístup k tomuto zdroju. Pre získanie prístupu sa obráťte na svojho manažéra.
You do not have enough permissions to complete the action,Nemáte dostatočné oprávnenie na dokončenie akcie
You do not have enough points,Nemáte dostatok bodov
You do not have enough review points,Nemáte dostatok kontrolných bodov
You don't have access to Report: {0},Nemáte prístup k službe Report: {0}
You don't have any messages yet.,Zatiaľ nemáte žiadne správy.
You don't have permission to access this file,Nemáte oprávnenie na prístup k tomuto súboru
You don't have permission to get a report on: {0},Nemáte povolenie získať správu o: {0}
You don't have the permissions to access this document,Nemáte oprávnenie na prístup k tomuto dokumentu
You gained {0} point,Získali ste {0} bodov
You gained {0} points,Získali ste {0} bodov
You have a new message from: ,Máte novú správu od:
You have been successfully logged out,Boli ste úspešne odhlásení
You have unsaved changes in this form. Please save before you continue.,V tomto formulári máte neuložené zmeny. Pred pokračovaním ich uložte.
You must login to submit this form,"Ak chcete odoslať tento formulár, musíte sa prihlásiť"
You need to be in developer mode to edit a Standard Web Form,"Ak chcete upraviť štandardný webový formulár, musíte byť v režime pre vývojárov"
You need to be logged in and have System Manager Role to be able to access backups.,"Aby ste mali prístup k zálohám, musíte byť prihlásení a mať rolu System Manager."
You need to be logged in to access this {0}.,Na prístup k tomuto {0} musíte byť prihlásení.
"You need to have ""Share"" permission","Musíte mať povolenie ""Zdieľať"""
You need write permission to rename,Na premenovanie potrebujete oprávnenie na zápis
You selected Draft or Cancelled documents,Vybrali ste možnosť Návrh alebo Zrušené dokumenty
You unfollowed this document,Odoslali ste tento dokument
Your Country,Vaša krajina
Your Language,Váš jazyk
Your Name,Vaše meno
Your account has been locked and will resume after {0} seconds,Vaše konto bolo zablokované a obnoví sa po {0} sekundách
Your connection request to Google Calendar was successfully accepted,Vaša požiadavka na pripojenie ku Kalendáru Google bola úspešne prijatá
Your information has been submitted,Vaše informácie boli odoslané
Your login id is,Vaše prihlasovacie ID je
Your organization name and address for the email footer.,Názov a adresa vašej organizácie v pätičke e-mailu.
Your payment has been successfully registered.,Vaša platba bola úspešne zaregistrovaná.
Your payment has failed.,Vaša platba zlyhala.
Your payment is cancelled.,Vaša platba je zrušená.
Your payment was successfully accepted,Vaša platba bola úspešne prijatá
"Your query has been received. We will reply back shortly. If you have any additional information, please reply to this mail.","Vaša požiadavka bola prijatá. Čoskoro vám odpovieme. Ak máte ďalšie informácie, odpovedzte na tento mail."
"Your session has expired, please login again to continue.","Vaša relácia vypršala, ak chcete pokračovať, prihláste sa znova."
Zero,Zero
Zero means send records updated at anytime,"Nula znamená, že sa záznamy odosielajú aktualizované kedykoľvek."
_doctype,_doctype
_report,_report
adjust,upraviť
after_insert,after_insert
align-center,align-center
align-justify,zarovnať-odôvodniť
align-left,zarovnanie doľava
align-right,zarovnať vpravo
ap-northeast-1,ap-northeast-1
ap-northeast-2,ap-severovýchod-2
ap-northeast-3,ap-severovýchod-3
ap-south-1,ap-south-1
ap-southeast-1,ap-southeast-1
ap-southeast-2,ap-southeast-2
arrow-down,šípka nadol
arrow-left,šípka vľavo
arrow-right,šípka vpravo
arrow-up,šípka hore
asterisk,hviezdička
backward,spätne
ban-circle,ban-circle
bell,zvon
bookmark,záložka
briefcase,kufrík
bullhorn,megafón
ca-central-1,ca-central-1
camera,fotoaparát
cancelled this document,zrušil tento dokument
changed value of {0},zmenená hodnota {0}
changed values for {0},zmenené hodnoty pre {0}
chevron-down,chevron-down
chevron-left,šachovnicová ľavá strana
chevron-right,chevron-right
chevron-up,chevron-up
circle-arrow-down,kruh so šípkou nadol
circle-arrow-left,kruh-šipka-vľavo
circle-arrow-right,krúžok-šipka-vpravo
circle-arrow-up,kruh so šípkou nahor
cn-north-1,cn-north-1
cn-northwest-1,cn-northwest-1
cog,ozubené koleso
darkgrey,darkgrey
dd-mm-yyyy,dd-mm-rrrr
dd.mm.yyyy,dd.mm.rrrr
dd/mm/yyyy,dd/mm/rrrr
"document type..., e.g. customer","typ dokumentu..., napr. zákazník"
domain name,názov domény
download-alt,download-alt
"e.g. ""Support"", ""Sales"", ""Jerry Yang""","napr. ""Podpora"", ""Predaj"", ""Jerry Yang"""
e.g. (55 + 434) / 4 or =Math.sin(Math.PI/2)...,napr. (55 + 434) / 4 alebo =Math.sin(Math.PI/2)...
e.g. pop.gmail.com / imap.gmail.com,napr. pop.gmail.com / imap.gmail.com
e.g. replies@yourcomany.com. All replies will come to this inbox.,napr. replies@yourcomany.com. Všetky odpovede budú prichádzať do tejto schránky.
e.g. smtp.gmail.com,napr. smtp.gmail.com
e.g.:,Napr:
eject,vysunúť
envelope,obálka
eu-central-1,eu-central-1
eu-north-1,eu-north-1
eu-west-1,eu-west-1
eu-west-2,eu-west-2
eu-west-3,eu-west-3
exclamation-sign,výkričník
eye-close,priblíženie očí
eye-open,otvorené oči
facetime-video,facetime-video
fairlogin,fairlogin
fast-backward,rýchly spätný chod
fast-forward,rýchly posun vpred
film,film
fire,požiar
folder-close,zatvoriť priečinok
folder-open,folder-open
fullscreen,na celú obrazovku
gained by {0} via automatic rule {1},získaný {0} prostredníctvom automatického pravidla {1}
gained {0} points,získal {0} bodov
gave {0} points,dalo {0} bodov
gift,darček
glass,sklo
globe,glóbus
hand-down,odovzdávanie z ruky do ruky
hand-left,ruka vľavo
hand-right,vpravo vľavo
hand-up,hand-up
hdd,hdd
headphones,slúchadlá
heart,srdce
hub,náboj
indent-left,indent-left
indent-right,indent-right
info-sign,info-sign
italic,kurzíva
john@doe.com,john@doe.com
just now,práve teraz
leaf,list
lightblue,svetlomodrá
list-alt,list-alt
magnet,magnet
map-marker,mapová značka
merged {0} into {1},spojil {0} do {1}
minus,mínus
minus-sign,znamienko mínus
mm-dd-yyyy,mm-dd-rrrr
mm/dd/yyyy,mm/dd/rrrr
module name...,názov modulu...
new type of document,nový typ dokumentu
no failed attempts,žiadne neúspešné pokusy
none of,žiadny z
ok,ok
ok-circle,ok-circle
ok-sign,ok-znak
on_cancel,on_cancel
on_change,on_change
on_submit,on_submit
on_trash,on_trash
on_update,on_update
on_update_after_submit,on_update_after_submit
only.,iba.
or,alebo
pause,pauza
pencil,ceruzka
picture,obrázok
plane,lietadlo
play,hrať
play-circle,hrací kruh
plus,plus
plus-sign,znamienko plus
qrcode,qrcode
query-report,dopyt - správa
question-sign,znamienko otázky
remove-circle,remove-circle
remove-sign,remove-sign
removed,odstránené
renamed from {0} to {1},premenovaný z {0} na {1}
repeat,opakovať
resize-full,zmena veľkosti
resize-horizontal,zmena veľkosti - horizontálne
resize-small,zmena veľkosti-malé
resize-vertical,zmena veľkosti - vertikálne
restored {0} as {1},obnovil {0} ako {1}
retweet,retweet
road,cesta
sa-east-1,sa-east-1
screenshot,snímka obrazovky
share-alt,share-alt
shopping-cart,nákupný košík
show,zobraziť
signal,signál
star,hviezda
star-empty,prázdna hviezda
step-backward,krok späť
step-forward,krok vpred
submitted this document,predložil tento dokument
text in document type,text v type dokumentu
text-height,výška textu
text-width,šírka textu
th,th
th-large,th-large
th-list,th-list
thumbs-down,palec nadol
thumbs-up,palec hore
tint,tónovanie
toggle Tag,prepínač Tag
updated to {0},aktualizované na {0}
us-east-1,us-east-1
us-east-2,us-east-2
us-west-1,us-west-1
us-west-2,us-west-2
use % as wildcard,použiť % ako zástupný znak
values separated by commas,hodnoty oddelené čiarkami
via automatic rule {0} on {1},prostredníctvom automatického pravidla {0} na {1}
viewed,zobrazené na
volume-down,zníženie hlasitosti
volume-off,vypnutie hlasitosti
volume-up,zväčšenie objemu
warning-sign,výstražné znamenie
wrench,kľúč
yyyy-mm-dd,rrrr-mm-dd
zoom-in,priblíženie
zoom-out,priblíženie
{0} Calendar,{0} Kalendár
{0} Chart,{0} Graf
{0} Dashboard,{0} Prístrojová doska
{0} List,{0} Zoznam
{0} Modules,{0} Moduly
{0} Report,{0} Správa
{0} Settings not found,{0} Nastavenia neboli nájdené
{0} Tree,{0} Strom
{0} added,{0} pridané
{0} already exists. Select another name,{0} už existuje. Vyberte iný názov
{0} already unsubscribed,{0} už sa odhlásil
{0} already unsubscribed for {1} {2},{0} už sa odhlásil z odberu {1} {2}
{0} and {1},{0} a {1}
{0} appreciated on {1},{0} ocenené na {1}
{0} appreciated your work on {1} with {2} point,{0} ocenil vašu prácu na {1} s bodom {2}
{0} appreciated your work on {1} with {2} points,{0} ocenil vašu prácu na {1} s {2} bodmi
{0} appreciated {1},{0} ocenil {1}
{0} appreciation point for {1} {2},{0} bod ocenenia pre {1} {2}
{0} appreciation points for {1} {2},{0} bodov za {1} {2}
{0} assigned {1}: {2},{0} priradené {1}: {2}
{0} cannot be set for Single types,{0} nemožno nastaviť pre jednotlivé typy
{0} comments,{0} komentáre
{0} created successfully,{0} vytvorené úspešne
{0} criticism point for {1} {2},{0} kritický bod pre {1} {2}
{0} criticism points for {1} {2},{0} body kritiky pre {1} {2}
{0} criticized on {1},{0} kritizované na {1}
{0} criticized your work on {1} with {2} point,{0} kritizoval vašu prácu na {1} s {2} bodom
{0} criticized your work on {1} with {2} points,{0} kritizoval vašu prácu na {1} s {2} bodmi
{0} criticized {1},{0} kritizoval {1}
{0} days ago,pred {0} dňami
{0} does not exist in row {1},{0} neexistuje v riadku {1}
"{0} field cannot be set as unique in {1}, as there are non-unique existing values","pole {0} nemožno nastaviť ako jedinečné v {1}, pretože existujú nejedinečné hodnoty"
{0} has already assigned default value for {1}.,{0} má už priradenú predvolenú hodnotu pre {1}.
{0} has been successfully added to the Email Group.,{0} bol úspešne pridaný do skupiny e-mailov.
{0} has left the conversation in {1} {2},{0} opustil konverzáciu v {1} {2}
{0} hours ago,pred {0} hodinami
{0} in row {1} cannot have both URL and child items,{0} v riadku {1} nemôže mať položky URL aj podriadené položky
{0} is a mandatory field,{0} je povinné pole
{0} is an invalid email address in 'Recipients',{0} je neplatná e-mailová adresa v 'Recipients'
{0} is not a raw printing format.,{0} nie je formát pre tlač surovín.
{0} is not a valid Email Address,{0} nie je platná e-mailová adresa
{0} is not a valid Workflow State. Please update your Workflow and try again.,{0} nie je platný stav pracovného postupu. Aktualizujte svoj Workflow a skúste to znova.
{0} is now default print format for {1} doctype,{0} je teraz predvolený formát tlače pre {1} doctype
{0} is saved,{0} je uložený
{0} items selected,{0} vybrané položky
{0} logged in,{0} prihlásený
{0} logged out: {1},{0} odhlásený: {1}
{0} minutes ago,pred {0} minútami
{0} months ago,pred {0} mesiacmi
{0} must be one of {1},{0} musí byť jedným z {1}
{0} must be set first,{0} musí byť nastavený ako prvý
{0} must be unique,{0} musí byť jedinečný
{0} not a valid State,{0} nie je platný stav
{0} not allowed to be renamed,{0} nie je povolené premenovať
{0} not found,{0} nebolo nájdené
{0} of {1},{0} z {1}
{0} or {1},{0} alebo {1}
{0} record deleted,{0} záznam vymazaný
{0} records deleted,{0} vymazané záznamy
{0} reverted your point on {1},{0} vrátil váš bod na {1}
{0} reverted your points on {1},{0} vrátil vaše body na {1}
{0} reverted {1},{0} vrátený {1}
{0} room must have atmost one user.,{0} miestnosť musí mať aspoň jedného používateľa.
{0} rows for {1},{0} riadkov pre {1}
{0} saved successfully,{0} úspešne uložený
{0} self assigned this task: {1},{0} sám si pridelil túto úlohu: {1}
{0} shared this document with everyone,{0} zdieľal tento dokument so všetkými
{0} shared this document with {1},{0} zdieľal tento dokument s {1}
{0} subscribers added,{0} pridaných predplatiteľov
{0} to stop receiving emails of this type,{0} na zastavenie prijímania e-mailov tohto typu
{0} to {1},{0} až {1}
{0} un-shared this document with {1},{0} zrušil zdieľanie tohto dokumentu s {1}
{0} updated,{0} aktualizované
{0} weeks ago,pred {0} týždňami
{0} {1} added,{0} {1} pridané
{0} {1} already exists,{0} {1} už existuje
"{0} {1} cannot be ""{2}"". It should be one of ""{3}""","{0} {1} nemôže byť ""{2}"". Mala by to byť jedna z možností ""{3}""."
{0} {1} cannot be a leaf node as it has children,"{0} {1} nemôže byť listovým uzlom, pretože má deti"
"{0} {1} does not exist, select a new target to merge","{0} {1} neexistuje, vyberte nový cieľ na zlúčenie"
{0} {1} not found,{0} {1} nenájdené
{0} {1} to {2},{0} {1} až {2}
"{0}, Row {1}","{0}, riadok {1}"
"{0}: '{1}' ({3}) will get truncated, as max characters allowed is {2}","{0}: '{1}' ({3}) bude skrátený, pretože maximálny povolený počet znakov je {2}"
{0}: Cannot set Amend without Cancel,{0}: Nemožno nastaviť Zmeniť bez Zrušiť
{0}: Cannot set Assign Amend if not Submittable,"{0}: Nemožno nastaviť Priradiť zmeniť, ak nie je možné odoslať"
{0}: Cannot set Assign Submit if not Submittable,"{0}: Nemožno nastaviť Priradiť Odoslať, ak nie je Submittable"
{0}: Cannot set Cancel without Submit,{0}: Nie je možné nastaviť Zrušiť bez Odoslať
{0}: Cannot set Import without Create,{0}: Nemožno nastaviť Import bez Create
"{0}: Cannot set Submit, Cancel, Amend without Write","{0}: Nemožno nastaviť Odoslať, Zrušiť, Zmeniť bez zápisu"
{0}: Cannot set import as {1} is not importable,"{0}: Nemožno nastaviť import, pretože {1} nie je importovateľný"
{0}: No basic permissions set,{0}: Nie sú nastavené žiadne základné oprávnenia
"{0}: Only one rule allowed with the same Role, Level and {1}","{0}: Povolené je len jedno pravidlo s rovnakou rolou, úrovňou a {1}"
{0}: Permission at level 0 must be set before higher levels are set,{0}: Oprávnenie na úrovni 0 musí byť nastavené pred nastavením vyšších úrovní
{0}: {1} in {2},{0}: {1} v {2}
{0}: {1} is set to state {2},{0}: {1} je nastavený do stavu {2}
{app_title},{app_title}
{{{0}}} is not a valid fieldname pattern. It should be {{field_name}}.,{{{0}}} nie je platný vzor názvu poľa. Malo by to byť {{názov_poľa}}.
Communication Link,Komunikačné prepojenie
Force User to Reset Password,Vynútiť používateľa k obnoveniu hesla
In Days,V dňoch
Last Password Reset Date,Dátum posledného obnovenia hesla
The password of your account has expired.,Platnosť hesla vášho konta vypršala.
Workflow State transition not allowed from {0} to {1},Prechod stavu pracovného postupu nie je povolený z {0} na {1}
{0} must be after {1},{0} musí byť za {1}
{0}: Field '{1}' cannot be set as Unique as it has non-unique values,"{0}: Pole ""{1}"" nemožno nastaviť ako jedinečné, pretože má nejedinečné hodnoty"
{0}: Field {1} in row {2} cannot be hidden and mandatory without default,{0}: Pole {1} v riadku {2} nemôže byť skryté a povinné bez predvoleného nastavenia
{0}: Field {1} of type {2} cannot be mandatory,{0}: Pole {1} typu {2} nemôže byť povinné
{0}: Fieldname {1} appears multiple times in rows {2},{0}: Názov poľa {1} sa v riadkoch {2} vyskytuje viackrát
{0}: Fieldtype {1} for {2} cannot be unique,{0}: Typ poľa {1} pre {2} nemôže byť jedinečný
{0}: Options must be a valid DocType for field {1} in row {2},{0}: Options musí byť platný DocType pre pole {1} v riadku {2}
{0}: Options required for Link or Table type field {1} in row {2},{0}: Možnosti požadované pre pole typu Odkaz alebo Tabuľka {1} v riadku {2}
{0}: Options {1} must be the same as doctype name {2} for the field {3},{0}: Možnosti {1} musia byť rovnaké ako názov doctype {2} pre pole {3}
{0}:Fieldtype {1} for {2} cannot be indexed,{0}:Fieldtype {1} pre {2} nemožno indexovať
Make {0},Urobte {0}
A user who posts blogs.,"Používateľ, ktorý uverejňuje blogy."
Applying: {0},Podanie žiadosti: {0}
Fieldname {0} is restricted,Názov poľa {0} je obmedzený
Is Optional State,Je voliteľný stav
No values to show,Žiadne hodnoty na zobrazenie
View Ref,Zobraziť odkaz
Workflow Action is not created for optional states,Akcia pracovného postupu nie je vytvorená pre voliteľné stavy
{0} values selected,{0} vybrané hodnoty
"""amended_from"" field must be present to do an amendment.","Ak chcete vykonať zmenu, musí byť prítomné pole ""amended_from""."
(Mandatory),(Povinné)
1 Google Calendar Event synced.,1 synchronizovaná udalosť Kalendára Google.
1 record will be exported,vyexportuje sa 1 záznam
1 week ago,Pred 1 týždňom
5 Records,5 záznamov
A recurring {0} {1} has been created for you via Auto Repeat {2}.,Prostredníctvom funkcie Automatické opakovanie {2} bolo pre vás vytvorené opakované {0} {1}.
API,API
API Method,Metóda API
About {0} minute remaining,Zostáva približne {0} minút
About {0} minutes remaining,Zostáva približne {0} minút
About {0} seconds remaining,Zostáva približne {0} sekúnd
Access Log,Protokol o prístupe
Access not allowed from this IP Address,Prístup z tejto IP adresy nie je povolený
Action Type,Typ akcie
Activity Log by ,Záznam o činnosti podľa
Add Fields,Pridať polia
Administration,Administratíva
After Cancel,Po zrušení
After Delete,Po vymazaní
After Save,Po uložení
After Save (Submitted Document),Po uložení (odoslaný dokument)
After Submit,Po odoslaní
Aggregate Function Based On,Agregátna funkcia na základe
Aggregate Function field is required to create a dashboard chart,Pole Aggregate Function je potrebné na vytvorenie grafu prístrojovej dosky
All Records,Všetky záznamy
Allot Points To Assigned Users,Prideľovanie bodov priradeným používateľom
Allow Auto Repeat,Povoliť automatické opakovanie
Allow Google Calendar Access,Povolenie prístupu do kalendára Google
Allow Google Contacts Access,Povolenie prístupu ku kontaktom Google
Allow Google Drive Access,Povolenie prístupu k službe Disk Google
Allow Guest,Povoliť hosťa
Allow Guests to Upload Files,Povolenie hosťom nahrávať súbory
Also adding the status dependency field {0},Tiež pridanie poľa závislosti stavu {0}
An error occurred while setting Session Defaults,Pri nastavovaní predvolených nastavení relácie došlo k chybe
Annual,Ročný
Append Emails to Sent Folder,Pripojenie e-mailov do priečinka odoslaných
Apply Assignment Rule,Použiť pravidlo priradenia
Apply Only Once,Aplikujte iba raz
Apply this rule only once per document,Toto pravidlo použite len raz na jeden dokument
Approval Required,Požadované schválenie
Approved,Schválené
Are you sure you want to delete all rows?,"Ste si istí, že chcete odstrániť všetky riadky?"
Are you sure you want to delete this post?,Určite chcete tento príspevok vymazať?
Are you sure you want to merge {0} with {1}?,"Ste si istí, že chcete zlúčiť {0} s {1}?"
Assignment Day {0} has been repeated.,Pridelený deň {0} sa opakuje.
Assignment Days,Dni pridelenia
Assignment Rule Day,Pridelenie Pravidlo Deň
Assignments,Zadania
Attach a web link,Pripojte webové prepojenie
Authorize Google Calendar Access,Autorizácia prístupu do kalendára Google
Authorize Google Contacts Access,Autorizácia prístupu ku kontaktom Google
Authorize Google Drive Access,Autorizácia prístupu k službe Disk Google
Auto Repeat Document Creation Failed,Automatické opakované vytváranie dokumentov zlyhalo
Auto Repeat Document Creation Failure,Zlyhanie automatického opakovania vytvárania dokumentov
Auto Repeat created for this document,Automatické opakovanie vytvorené pre tento dokument
Auto Repeat failed for {0},Automatické opakovanie zlyhalo pre {0}
Automatic Linking can be activated only for one Email Account.,Automatické prepojenie je možné aktivovať len pre jedno e-mailové konto.
Automatic Linking can be activated only if Incoming is enabled.,"Automatické prepojenie je možné aktivovať len vtedy, ak je zapnutá funkcia Incoming."
Automatically generates recurring documents.,Automaticky generuje opakujúce sa dokumenty.
Backing up to Google Drive.,Zálohovanie na Disk Google.
Backup Folder ID,ID záložného priečinka
Backup Folder Name,Názov záložného priečinka
Before Cancel,Pred zrušením
Before Delete,Pred vymazaním
Before Insert,Pred vložením
Before Save,Pred uložením
Before Save (Submitted Document),Pred uložením (odoslaný dokument)
Before Submit,Pred odoslaním
Blank Template,Prázdna šablóna
Callback URL,Spätné volanie URL
Cancel All Documents,Zrušiť všetky dokumenty
Cancelling documents,Zrušenie dokumentov
Cannot match column {0} with any field,Nemožno porovnať stĺpec {0} so žiadnym poľom
Change,Zmena
Change User,Zmena používateľa
Check the Error Log for more information: {0},Ďalšie informácie nájdete v protokole o chybách: {0}
Clear Cache and Reload,Vymazanie vyrovnávacej pamäte a opätovné načítanie
Clear Filters,Vymazať filtre
Click on <b>Authorize Google Drive Access</b> to authorize Google Drive Access.,Kliknutím na <b>Autorizovať prístup na Disk Google</b> autorizujte prístup na Disk Google.
Click on a file to select it.,Kliknutím na súbor ho vyberte.
Click on the link below to approve the request,Kliknutím na odkaz nižšie žiadosť schválite
Click on the lock icon to toggle public/private,Kliknutím na ikonu zámku prepnete verejné/súkromné
Click on {0} to generate Refresh Token.,Kliknutím na {0} vygenerujete žetón Refresh.
Close Condition,Zavrieť stav
Columns / Fields,Stĺpce / polia
"Configure notifications for mentions, assignments, energy points and more.","Konfigurujte upozornenia na zmienky, priradenia, energetické body a ďalšie."
Contact Email,Kontaktný e-mail
Contact Numbers,Kontaktné čísla
Contact Phone,Kontaktný telefón
Contact Synced with Google Contacts.,Kontakty synchronizované s kontaktmi Google.
Context,Kontext
Contribute Translations,Prispieť k prekladom
Contributed,Prispel
Controller method get_razorpay_order missing,Chýba metóda controllera get_razorpay_order
Copied to clipboard.,Skopírované do schránky.
Core Modules {0} cannot be searched in Global Search.,Základné moduly {0} nemožno vyhľadávať v globálnom vyhľadávaní.
Could not create Razorpay order. Please contact Administrator,"Nepodarilo sa vytvoriť objednávku Razorpay. Prosím, kontaktujte správcu"
Could not create razorpay order,Nepodarilo sa vytvoriť objednávku razorpay
Create Log,Vytvoriť protokol
Create your first {0},Vytvorte svoj prvý {0}
Created {0} records successfully.,Úspešne vytvorených {0} záznamov.
Cron,Cron
Cron Format,Formát Cron
Daily Events should finish on the Same Day.,Denné udalosti by sa mali skončiť v ten istý deň.
Daily Long,Denne Long
Default Role on Creation,Predvolená úloha pri vytvorení
Default Theme,Predvolená téma
Default {0},Predvolené nastavenie {0}
Delete All,Odstrániť všetko
Do you want to cancel all linked documents?,Chcete zrušiť všetky prepojené dokumenty?
DocType Action,DocType Akcia
DocType Event,Udalosť typu DocType
DocType Link,Prepojenie typu DocType
Document Share,Zdieľanie dokumentov
Document Tag,Označenie dokumentu
Document Title,Názov dokumentu
Document Type Field Mapping,Mapovanie polí typu dokumentu
Document Type Mapping,Mapovanie typu dokumentu
Document Type {0} has been repeated.,Typ dokumentu {0} sa opakuje.
Document renamed from {0} to {1},Dokument premenovaný z {0} na {1}
Document type is required to create a dashboard chart,Typ dokumentu je potrebný na vytvorenie grafu prístrojovej dosky
Documentation Link,Odkaz na dokumentáciu
Don't Import,Neimportujte
Don't Send Emails,Neposielajte e-maily
"Drag and drop files, ","Ťahanie a púšťanie súborov,"
Drop,Drop
Drop Here,Drop Here
Drop files here,Sem hádžte súbory
Dynamic Template,Dynamická šablóna
ERPNext Role,ERPNďalšia úloha
Email / Notifications,E-mail / Oznámenia
Email Account setup please enter your password for: {0},Nastavenie e-mailového účtu Zadajte svoje heslo pre: {0}
Email Address whose Google Contacts are to be synced.,"E-mailová adresa, ktorej kontakty Google sa majú synchronizovať."
"Email ID must be unique, Email Account already exists for {0}","ID e-mailu musí byť jedinečné, e-mailové konto už existuje pre {0}"
Email IDs,E-mailové ID
Enable Allow Auto Repeat for the doctype {0} in Customize Form,Povoliť automatické opakovanie pre typ doctype {0} v prispôsobenom formulári
Enable Automatic Linking in Documents,Povolenie automatického prepojenia v dokumentoch
Enable Email Notifications,Povolenie e-mailových oznámení
Enable Google API in Google Settings.,Povoľte rozhranie Google API v nastaveniach Google.
Enable Security,Povolenie zabezpečenia
Energy Point,Energetický bod
Enter Client Id and Client Secret in Google Settings.,V Nastaveniach Google zadajte Id klienta a Tajné klienta.
Enter Code displayed in OTP App.,Zadajte kód zobrazený v aplikácii OTP.
Event Configurations,Konfigurácie udalostí
Event Consumer,Spotrebiteľ podujatia
Event Consumer Document Type,Typ dokumentu spotrebiteľa udalosti
Event Consumer Document Types,Typy dokumentov spotrebiteľa udalostí
Event Producer,Producent podujatia
Event Producer Document Type,Typ dokumentu producenta podujatia
Event Producer Document Types,Typy dokumentov producenta podujatí
Event Streaming,Streamovanie udalostí
Event Subscriber,Odberateľ udalostí
Event Sync Log,Protokol synchronizácie udalostí
Event Synced with Google Calendar.,Synchronizácia udalosti s Kalendárom Google.
Event Update Log,Protokol aktualizácie udalostí
Export 1 record,Exportovať 1 záznam
Export Errored Rows,Exportovať chybné riadky
Export From,Exportovať z
Export Type,Typ exportu
Export {0} records,Exportovať {0} záznamov
Failed to connect to the Event Producer site. Retry after some time.,Nepodarilo sa pripojiť k lokalite Event Producer. Po určitom čase to skúste znova.
Failed to create an Event Consumer or an Event Consumer for the current site is already registered.,Nepodarilo sa vytvoriť konzumenta udalostí alebo konzument udalostí pre aktuálnu lokalitu je už zaregistrovaný.
Failure,Zlyhanie
Fetching default Global Search documents.,Získavanie predvolených dokumentov globálneho vyhľadávania.
Fetching posts...,Získavanie príspevkov...
Field To Check,Pole na kontrolu
File Information,Informácie o súbore
Filter By,Filtrovanie podľa
Filtered Records,Filtrované záznamy
Filters applied for {0},Filtre použité pre {0}
Finished,Dokončené
First,Prvá stránka
For Document Event,Pre udalosť dokumentu
"For more information, <a class=""text-muted"" href=""https://erpnext.com/docs/user/manual/en/setting-up/email/linking-emails-to-document"">click here</a>.","Viac informácií nájdete <a class=""text-muted"" href=""https://erpnext.com/docs/user/manual/en/setting-up/email/linking-emails-to-document"">kliknite sem</a>."
"For more information, {0}.",Viac informácií nájdete na adrese {0}.
"For performance, only the first 100 rows were processed.",Kvôli výkonu bolo spracovaných len prvých 100 riadkov.
Form URL-Encoded,Kódovanie adresy URL formulára
Frequently Visited Links,Často navštevované odkazy
From Date,Od dátumu
From User,Od používateľa
Global Search DocType,Globálne vyhľadávanie DocType
Global Search Document Types Reset.,Globálne vyhľadávanie Typy dokumentov Reset.
Global Search Settings,Globálne nastavenia vyhľadávania
Global Shortcuts,Globálne skratky
Go,Prejsť na stránku
Go to next record,Prejsť na ďalší záznam
Go to previous record,Prejsť na predchádzajúci záznam
Google API Settings.,Nastavenia rozhrania Google API.
Google Calendar,Kalendár Google
"Google Calendar - Could not create Calendar for {0}, error code {1}.","Kalendár Google - Kalendár sa nepodarilo vytvoriť pre {0}, kód chyby {1}."
"Google Calendar - Could not delete Event {0} from Google Calendar, error code {1}.","Kalendár Google - Nepodarilo sa odstrániť udalosť {0} z Kalendára Google, kód chyby {1}."
"Google Calendar - Could not fetch event from Google Calendar, error code {0}.","Kalendár Google - nepodarilo sa načítať udalosť z Kalendára Google, kód chyby {0}."
"Google Calendar - Could not insert contact in Google Contacts {0}, error code {1}.","Kalendár Google - Nepodarilo sa vložiť kontakt do Kontaktov Google {0}, kód chyby {1}."
"Google Calendar - Could not insert event in Google Calendar {0}, error code {1}.","Kalendár Google - Do Kalendára Google sa nepodarilo vložiť udalosť {0}, kód chyby {1}."
"Google Calendar - Could not update Event {0} in Google Calendar, error code {1}.","Kalendár Google - V Kalendári Google sa nepodarilo aktualizovať udalosť {0}, kód chyby {1}."
Google Calendar Event ID,ID udalosti v kalendári Google
Google Calendar Integration.,Integrácia kalendára Google.
Google Calendar has been configured.,Kalendár Google bol nakonfigurovaný.
Google Contacts,Kontakty Google
"Google Contacts - Could not sync contacts from Google Contacts {0}, error code {1}.","Kontakty Google - Nepodarilo sa synchronizovať kontakty z Kontaktov Google {0}, kód chyby {1}."
"Google Contacts - Could not update contact in Google Contacts {0}, error code {1}.","Kontakty Google - Nepodarilo sa aktualizovať kontakt v Kontaktoch Google {0}, kód chyby {1}."
Google Contacts Id,Identifikácia kontaktov Google
Google Contacts Integration is disabled.,Integrácia kontaktov Google je vypnutá.
Google Contacts Integration.,Integrácia kontaktov Google.
Google Contacts has been configured.,Kontakty Google boli nakonfigurované.
Google Drive,Disk Google
Google Drive - Could not create folder in Google Drive - Error Code {0},Disk Google - Nie je možné vytvoriť priečinok na Disku Google - Kód chyby {0}
Google Drive - Could not find folder in Google Drive - Error Code {0},Disk Google - Nepodarilo sa nájsť priečinok na Disku Google - Kód chyby {0}
Google Drive Backup Successful.,Zálohovanie na Disk Google bolo úspešné.
Google Drive Backup.,Zálohovanie na Disk Google.
Google Drive Integration.,Integrácia služby Disk Google.
Google Drive has been configured.,Disk Google bol nakonfigurovaný.
Google Integration is disabled.,Integrácia Google je vypnutá.
Google Settings,Nastavenia Google
Group By,Skupina podľa
Group By Based On,Zoskupiť podľa na základe
Group By Type,Skupina podľa typu
Group By field is required to create a dashboard chart,Pole Group By je potrebné na vytvorenie grafu prístrojovej dosky
HH:mm,HH:mm
HH:mm:ss,HH:mm:ss
HOOK-.####,HOOK-.####
HTML Page,Stránka HTML
Has Mapping,Má mapovanie
Hourly Long,Hodinový Long
"If non-standard port (e.g. POP3: 995/110, IMAP: 993/143)","Ak ide o neštandardný port (napr. POP3: 995/110, IMAP: 993/143)"
If the document has different field names on the Producer and Consumer's end check this and set up the Mapping,"Ak má dokument rôzne názvy polí na strane výrobcu a spotrebiteľa, skontrolujte to a nastavte Mapovanie"
If this is checked the documents will have the same name as they have on the Event Producer's site,"Ak je táto možnosť začiarknutá, dokumenty budú mať rovnaký názov ako na stránke výrobcu podujatia."
Illegal SQL Query,Nezákonný dotaz SQL
Import File,Importovať súbor
Import Log Preview,Náhľad na import denníka
Import Preview,Náhľad importu
Import Progress,Pokrok pri dovoze
Import Type,Typ importu
Import Warnings,Upozornenia pri dovoze
"Import template should be of type .csv, .xlsx or .xls","Šablóna importu by mala byť typu .csv, .xlsx alebo .xls"
Import template should contain a Header and atleast one row.,Šablóna importu by mala obsahovať hlavičku a aspoň jeden riadok.
Importing {0} of {1},Import {0} z {1}
"Importing {0} of {1}, {2}","Import {0} z {1}, {2}"
Include indentation,Zahrnúť odsadenie
Incoming Change,Prichádzajúca zmena
Invalid Filter Value,Neplatná hodnota filtra
Invalid URL,Neplatná adresa URL
Invalid field name: {0},Nesprávny názov poľa: {0}
Invalid file URL. Please contact System Administrator.,Neplatná adresa URL súboru. Kontaktujte správcu systému.
Invalid include path,Neplatná cesta k súboru
Invalid username or password,Nesprávne používateľské meno alebo heslo
Is Primary,Je primárne
Is Primary Mobile,Je primárny mobilný telefón
Is Primary Phone,Je primárny telefón
Is Tree,Je strom
JSON Request Body,Telo požiadavky JSON
Javascript is disabled on your browser,Javascript je vo vašom prehliadači vypnutý
Job,Práca
Jump to field,Prejsť na pole
Keyboard Shortcuts,Klávesové skratky
LDAP Group,Skupina LDAP
LDAP Group Field,Pole skupiny LDAP
LDAP Group Mapping,Mapovanie skupín LDAP
LDAP Group Mappings,Mapovanie skupín LDAP
LDAP Last Name Field,Pole priezviska LDAP
LDAP Middle Name Field,Pole stredného mena LDAP
LDAP Mobile Field,Mobilné pole LDAP
LDAP Phone Field,Pole telefónu LDAP
LDAP User Creation and Mapping,Vytváranie a mapovanie používateľov LDAP
Landscape,Krajina
Last,Posledný
Last Backup On,Posledné zálohovanie na
Last Execution,Posledné vykonanie
Last Sync On,Zapnutá posledná synchronizácia
Last Update,Posledná aktualizácia
Last refreshed,Posledná aktualizácia
Link Document Type,Prepojenie Typ dokumentu
Link Fieldname,Prepojenie Názov poľa
Loading import file...,Načítanie importného súboru...
Local Document Type,Miestny typ dokumentu
Log Data,Údaje denníka
Main Section (HTML),Hlavná časť (HTML)
Main Section (Markdown),Hlavná časť (Markdown)
"Maintains a Log of all inserts, updates and deletions on Event Producer site for documents that have consumers.","Udržiava protokol všetkých vložení, aktualizácií a vymazaní na lokalite producenta udalostí pre dokumenty, ktoré majú spotrebiteľov."
Maintains a log of every event consumed along with the status of the sync and a Resync button in case sync fails.,"Udržiava protokol každej spotrebovanej udalosti spolu so stavom synchronizácie a tlačidlom Resync pre prípad, že synchronizácia zlyhá."
Make all attachments private,Urobiť všetky prílohy súkromné
Mandatory Depends On,Povinné Závisí od
Map Columns,Stĺpce mapy
Map columns from {0} to fields in {1},Mapovanie stĺpcov z {0} na polia v {1}
Mapping column {0} to field {1},Mapovanie stĺpca {0} na pole {1}
Mark all as Read,Označiť všetky ako prečítané
Maximum Points,Maximálny počet bodov
Maximum points allowed after multiplying points with the multiplier value\n(Note: For no limit leave this field empty or set 0),"Maximálny počet bodov povolený po vynásobení bodov hodnotou násobiteľa\n(Poznámka: Ak chcete, aby nebol limit, nechajte toto pole prázdne alebo nastavte 0)"
Me,Ja
Mention,Spomenúť
Modules,Moduly
Monthly Long,Mesačné dlhé
Naming Series,Séria pomenovaní
Navigate Home,Prejsť na domovskú stránku
Navigate list down,Prejsť zoznamom nadol
Navigate list up,Navigácia v zozname nahor
New Notification,Nové oznámenie
New {0}: {1},Nové {0}: {1}
Newsletter should have atleast one recipient,Newsletter by mal mať aspoň jedného príjemcu
No Events Today,Dnes žiadne podujatia
No Google Calendar Event to sync.,Žiadna synchronizácia udalosti Kalendára Google.
No More Activity,Žiadna ďalšia aktivita
No Name Specified for {0},Pre {0} nie je uvedený žiadny názov
No Upcoming Events,Žiadne nadchádzajúce podujatia
No activity,Žiadna aktivita
No conditions provided,Nie sú stanovené žiadne podmienky
No contacts linked to document,Žiadne kontakty prepojené s dokumentom
No data to export,Žiadne údaje na export
No documents found tagged with {0},Neboli nájdené žiadne dokumenty označené tagom {0}
No failed logs,Žiadne neúspešné protokoly
No filters found,Nenašli sa žiadne filtre
No more items to display,Žiadne ďalšie položky na zobrazenie
No more posts,Žiadne ďalšie príspevky
No new Google Contacts synced.,Žiadne nové kontakty Google neboli synchronizované.
No pending or current jobs for this site,Žiadne čakajúce alebo aktuálne pracovné ponuky pre túto lokalitu
No posts yet,Zatiaľ žiadne príspevky
No records will be exported,Nebudú sa exportovať žiadne záznamy
No results found for {0} in Global Search,V globálnom vyhľadávaní neboli nájdené žiadne výsledky pre {0}
No user found,Nenašiel sa žiadny používateľ
Notification Log,Denník oznámení
Notification Settings,Nastavenia oznámení
Notification Subscribed Document,Oznámenie Prihlásený dokument
Notifications Disabled,Vypnuté oznámenia
Number of Groups,Počet skupín
OAuth Client ID,ID klienta OAuth
OTP setup using OTP App was not completed. Please contact Administrator.,Nastavenie OTP pomocou aplikácie OTP nebolo dokončené. Obráťte sa na správcu.
Only one {0} can be set as primary.,Ako primárny môže byť nastavený len jeden {0}.
Open Awesomebar,Otvoriť Awesomebar
Open Chat,Otvorený chat
Open Documents,Otvorené dokumenty
Open Help,Otvoriť pomoc
Open Settings,Otvoriť nastavenia
Open list item,Otvoriť položku zoznamu
Organizational Unit for Users,Organizačná jednotka pre používateľov
Page Shortcuts,Skratky stránky
Parent Field (Tree),Rodičovské pole (strom)
Parent Field must be a valid fieldname,Nadradené pole musí byť platný názov poľa
Pin Globally,PIN globálne
Places,Miesta
Please check the filter values set for Dashboard Chart: {},Skontrolujte hodnoty filtra nastavené pre graf Dashboard Chart: {}
Please enable pop-ups in your browser,Povoľte vyskakovacie okná vo svojom prehliadači
Please find attached {0}: {1},V prílohe nájdete {0}: {1}
Please select applicable Doctypes,Vyberte príslušné typy dokladov
Portrait,Portrét
Press Alt Key to trigger additional shortcuts in Menu and Sidebar,Stlačením klávesu Alt spustíte ďalšie skratky v ponuke a bočnom paneli
Print Settings...,Nastavenia tlače...
Producer Document Name,Názov dokumentu výrobcu
Producer URL,URL adresa výrobcu
Property Depends On,Vlastnosť závisí od
Pull from Google Calendar,Vytiahnutie z Kalendára Google
Pull from Google Contacts,Vytiahnutie z kontaktov Google
Pulled from Google Calendar,Vytiahnuté z Kalendára Google
Pulled from Google Contacts,Vytiahnuté z kontaktov Google
Push to Google Calendar,Presun do Kalendára Google
Push to Google Contacts,Posunutie do kontaktov Google
Queue / Worker,Fronta / pracovník
RAW Information Log,Informačný protokol RAW
Raw Printing Settings...,Nastavenia surovej tlače...
Read Only Depends On,Len na čítanie Závisí od
Recent Activity,Nedávna aktivita
Reference document has been cancelled,Referenčný dokument bol zrušený
Reload File,Opätovné načítanie súboru
Remote Document Type,Typ vzdialeného dokumentu
"Renamed files and replaced code in controllers, please check!","Premenované súbory a nahradený kód v ovládačoch, prosím, skontrolujte!"
Repeat on Last Day of the Month,Opakovanie v posledný deň mesiaca
Repeats {0},Opakuje {0}
Report Information,Informácie o správe
Report with more than 10 columns looks better in Landscape mode.,Správa s viac ako 10 stĺpcami vyzerá lepšie v režime na šírku.
Request Structure,Štruktúra žiadosti
Restricted,Obmedzené
Restrictions,Obmedzenia
Resync,Resynchronizácia
Row Number,Číslo riadku
Row {0},Riadok {0}
Run Jobs only Daily if Inactive For (Days),"Spúšťať úlohy len denne, ak sú neaktívne (dni)"
SMS was not sent. Please contact Administrator.,SMS nebola odoslaná. Obráťte sa na správcu.
Saved Successfully,Úspešne uložené
Scheduled Job,Naplánovaná úloha
Scheduled Job Log,Protokol naplánovaných úloh
Scheduled Job Type,Plánovaný typ práce
Scheduler Inactive,Plánovač neaktívny
Scheduler is inactive. Cannot import data.,Plánovač je neaktívny. Nie je možné importovať údaje.
Script Manager,Správca scenára
Script Type,Typ scenára
Search Priorities,Priority vyhľadávania
Search Source Text,Vyhľadávanie zdrojového textu
Search by filename or extension,Vyhľadávanie podľa názvu alebo prípony súboru
Select Date Range,Vyberte rozsah dátumov
Select Field,Vyberte pole
Select Field...,Vyberte pole...
Select Filters,Vybrať filtre
Select Google Calendar to which event should be synced.,"Vyberte Kalendár Google, s ktorým sa má udalosť synchronizovať."
Select Google Contacts to which contact should be synced.,"Vyberte Kontakty Google, s ktorými sa má kontakt synchronizovať."
Select Group By...,Vyberte skupinu podľa...
Select Mandatory,Vyberte možnosť Povinné
Select atleast 2 actions,Vyberte aspoň 2 akcie
Select list item,Výber položky zoznamu
Select multiple list items,Výber viacerých položiek zoznamu
Send an email to {0} to link it here,"Pošlite e-mail na adresu {0}, aby ste ho sem prepojili"
Server Action,Akcia servera
Server Script,Serverový skript
Session Default,Predvolené nastavenie relácie
Session Default Settings,Predvolené nastavenia relácie
Session Defaults,Predvolené nastavenia relácie
Session Defaults Saved,Uloženie predvolených nastavení relácie
Set as Default Theme,Nastaviť ako predvolenú tému
Setting up Global Search documents.,Nastavenie dokumentov globálneho vyhľadávania.
Show Document,Zobraziť dokument
Show Failed Logs,Zobraziť neúspešné protokoly
Show Keyboard Shortcuts,Zobraziť klávesové skratky
Show More Activity,Zobraziť viac aktivít
Show Traceback,Zobraziť spätnú väzbu
Show Warnings,Zobraziť upozornenia
Showing only first {0} rows out of {1},Zobrazenie iba prvých {0} riadkov z {1}
"Simple Python Expression, Example: Status in (""Invalid"")","Jednoduchý výraz v jazyku Python, príklad: Stav v (""Neplatný"")"
Skipping Untitled Column,Preskočenie stĺpca bez názvu
Skipping column {0},Vynechanie stĺpca {0}
Social Home,Sociálna sieť Domov
Some columns might get cut off when printing to PDF. Try to keep number of columns under 10.,Pri tlači do PDF sa môžu niektoré stĺpce odrezať. Pokúste sa udržať počet stĺpcov pod 10.
Something went wrong during the token generation. Click on {0} to generate a new one.,Pri generovaní žetónov sa niečo pokazilo. Kliknutím na {0} vygenerujete nový.
Submit After Import,Odoslať po importe
Submitting...,Odoslanie...
Success! You are good to go 👍,Úspech! Môžete ísť 👍
Successful Transactions,Úspešné transakcie
Successfully Submitted!,Úspešne odoslané!
Successfully imported {0} record.,Úspešne importovaný záznam {0}.
Successfully imported {0} records.,Úspešne importovaných {0} záznamov.
Successfully updated {0} record.,Úspešne aktualizovaný záznam {0}.
Successfully updated {0} records.,Úspešne aktualizované {0} záznamy.
Sync Calendar,Synchronizácia kalendára
Sync Contacts,Synchronizácia kontaktov
Sync with Google Calendar,Synchronizácia s Kalendárom Google
Sync with Google Contacts,Synchronizácia s kontaktmi Google
Synced,Synchronizované
Syncing,Synchronizácia
Syncing {0} of {1},Synchronizácia {0} z {1}
Tag Link,Odkaz na značku
Take Backup,Prevziať záložnú kópiu
Template Error,Chyba šablóny
Template Options,Možnosti šablóny
Template Warnings,Upozornenia šablóny
The Auto Repeat for this document has been disabled.,Automatické opakovanie pre tento dokument bolo vypnuté.
The following records needs to be created before we can import your file.,Pred importom vášho súboru je potrebné vytvoriť nasledujúce záznamy.
The mapping configuration between two doctypes.,Konfigurácia mapovania medzi dvoma doktrinálnymi typmi.
The site which is consuming your events.,"Miesto, ktoré využíva vaše udalosti."
The site you want to subscribe to for consuming events.,"Miesto, ktoré chcete prihlásiť na odber udalostí."
The webhook will be triggered if this expression is true,"Webhook sa spustí, ak je tento výraz pravdivý"
The {0} is already on auto repeat {1},{0} je už zapnuté automatické opakovanie {1}
There are some linked records which needs to be created before we can import your file. Do you want to create the following missing records automatically?,Pred importom vášho súboru je potrebné vytvoriť niekoľko prepojených záznamov. Chcete automaticky vytvoriť tieto chýbajúce záznamy?
There should be atleast one row for the following tables: {0},V nasledujúcich tabuľkách by mal byť aspoň jeden riadok: {0}
There should be atleast one row for {0} table,Pre tabuľku {0} by mal existovať aspoň jeden riadok
This action is only allowed for {},Táto akcia je povolená len pre {}
This cannot be undone,To sa nedá vrátiť späť
Time Format,Formát času
Time series based on is required to create a dashboard chart,Časový rad založený na je potrebný na vytvorenie grafu prístrojovej dosky
Time {0} must be in format: {1},Čas {0} musí byť vo formáte: {1}
"To configure Auto Repeat, enable ""Allow Auto Repeat"" from {0}.","Ak chcete nakonfigurovať automatické opakovanie, povoľte položku ""Povoliť automatické opakovanie"" z {0}."
To enable it follow the instructions in the following link: {0},"Ak ju chcete povoliť, postupujte podľa pokynov v nasledujúcom odkaze: {0}"
"To use Google Calendar, enable {0}.","Ak chcete používať Kalendár Google, povoľte {0}."
"To use Google Contacts, enable {0}.","Ak chcete používať Kontakty Google, povoľte {0}."
"To use Google Drive, enable {0}.","Ak chcete používať službu Disk Google, povoľte možnosť {0}."
Today's Events,Dnešné udalosti
Toggle Public/Private,Prepínanie Verejné/súkromné
Tracks milestones on the lifecycle of a document if it undergoes multiple stages.,"Sleduje míľniky životného cyklu dokumentu, ak prechádza viacerými fázami."
Tree structures are implemented using Nested Set,Stromové štruktúry sú implementované pomocou vnorenej množiny
Trigger Primary Action,Spúšťacia primárna akcia
URL for documentation or help,URL pre dokumentáciu alebo nápovedu
URL must start with 'http://' or 'https://',"Adresa URL musí začínať na ""http://"" alebo ""https://""."
Unchanged,Nezmenené
Unpin,Odpojenie stránky
Untitled Column,Stĺpec bez názvu
Untranslated,Nepreložené
Upcoming Events,Nadchádzajúce podujatia
Update Existing Records,Aktualizácia existujúcich záznamov
Updated To A New Version 🎉,Aktualizované na novú verziu 🎉
"Updating {0} of {1}, {2}","Aktualizácia {0} z {1}, {2}"
Upload file,Nahrať súbor
Upload {0} files,Nahratie {0} súborov
Uploaded To Google Drive,Nahrané na Disk Google
Uploaded successfully,Úspešne nahrané
Uploading {0} of {1},Nahrávanie {0} z {1}
Use SSL for Outgoing,Používanie protokolu SSL pre odchádzajúce hovory
Use Same Name,Používanie rovnakého názvu
Used For Google Maps Integration.,Používa sa na integráciu so službou Mapy Google.
User ID Property,Vlastnosť ID používateľa
User Profile,Profil používateľa
User Settings,Nastavenia používateľa
User does not exist,Používateľ neexistuje
User {0} has requested for data deletion,Používateľ {0} požiadal o vymazanie údajov
Users assigned to the reference document will get points.,Používatelia priradení k referenčnému dokumentu získajú body.
Value must be one of {0},Hodnota musí byť jedna z {0}
Value {0} missing for {1},Hodnota {0} chýba pre {1}
Verification,Overovanie
Verification Code,Overovací kód
Verification code email not sent. Please contact Administrator.,E-mail s overovacím kódom nebol odoslaný. Kontaktujte prosím správcu.
Verified,Overené
Verifier,Overovateľ
View Full Log,Zobraziť celý denník
"View Log of all print, download and export events","Zobrazenie protokolu všetkých udalostí tlače, sťahovania a exportu"
Visit Web Page,Navštívte webovú stránku
Webhook Secret,Tajomstvo webového háčika
Webhook Security,Zabezpečenie webového háku
Webhook Trigger,Spúšťač Webhook
Weekly Long,Týždenný dlhý
"When enabled this will allow guests to upload files to your application, You can enable this if you wish to collect files from user without having them to log in, for example in job applications web form.","Ak je táto funkcia povolená, umožní hosťom nahrávať súbory do vašej aplikácie, Môžete ju povoliť, ak chcete zhromažďovať súbory od používateľa bez toho, aby sa musel prihlásiť, napríklad vo webovom formulári pracovných aplikácií."
Will run scheduled jobs only once a day for inactive sites. Default 4 days if set to 0.,"Spustí naplánované úlohy len raz denne pre neaktívne lokality. Predvolené 4 dni, ak je nastavená hodnota 0."
Workflow Status,Stav pracovného postupu
You are not allowed to export {} doctype,Nie je povolené exportovať {} doctype
You can try changing the filters of your report.,Môžete skúsiť zmeniť filtre správy.
You do not have permissions to cancel all linked documents.,Nemáte oprávnenie zrušiť všetky prepojené dokumenty.
You need to create these first: ,Tie musíte najprv vytvoriť:
You need to enable JavaScript for your app to work.,"Aby vaša aplikácia fungovala, musíte povoliť JavaScript."
You need to install pycups to use this feature!,"Ak chcete používať túto funkciu, musíte si nainštalovať pycups!"
Your Target,Váš cieľ
"browse,","prezerať,"
cancelled this document {0},zrušil tento dokument {0}
changed value of {0} {1},zmenená hodnota {0} {1}
changed values for {0} {1},zmenené hodnoty pre {0} {1}
choose an,vybrať si
empty,prázdne
of,z
or attach a,alebo pripojte
submitted this document {0},predložil tento dokument {0}
"tag name..., e.g. #tag","názov značky..., napr. #tag"
uploaded file,nahraný súbor
via Data Import,prostredníctvom importu údajov
{0} Google Calendar Events synced.,{0} Synchronizované udalosti kalendára Google.
{0} Google Contacts synced.,{0} Kontakty Google synchronizované.
{0} are mandatory fields,{0} sú povinné polia
{0} are required,{0} sú požadované
{0} assigned a new task {1} {2} to you,{0} pridelená nová úloha {1} {2} vám
{0} gained {1} point for {2} {3},{0} získal {1} bod za {2} {3}
{0} gained {1} points for {2} {3},{0} získal {1} bodov za {2} {3}
{0} has no versions tracked.,{0} nemá sledované žiadne verzie.
{0} is not a valid report format. Report format should one of the following {1},{0} nie je platný formát správy. Formát správy by mal byť jeden z nasledujúcich {1}
{0} mentioned you in a comment in {1} {2},{0} vás spomenul v komentári v {1} {2}
{0} of {1} ({2} rows with children),{0} z {1} ({2} riadky s deťmi)
{0} records will be exported,{0} záznamy budú exportované
{0} shared a document {1} {2} with you,{0} zdieľal dokument {1} {2} s vami
{0} should not be same as {1},{0} by nemalo byť rovnaké ako {1}
{0} translations pending,{0} čakajúce preklady
{0} {1} is linked with the following submitted documents: {2},{0} {1} je spojený s týmito predloženými dokumentmi: {2}
"{0}: Failed to attach new recurring document. To enable attaching document in the auto repeat notification email, enable {1} in Print Settings","{0}: Nepodarilo sa pripojiť nový opakujúci sa dokument. Ak chcete povoliť pripojenie dokumentu v e-maile s automatickým upozornením na opakovanie, povoľte {1} v Nastaveniach tlače"
{0}: Fieldname cannot be one of {1},{0}: Názov poľa nemôže byť jedným z {1}
{} Complete,{} Dokončiť
← Back to upload files,← Späť na nahrávanie súborov
Activity,Aktivita
Add / Manage Email Accounts.,Pridanie / správa e-mailových kont.
Add Child,Pridať dieťa
Add Multiple,Pridať viacero
Add Participants,Pridať účastníkov
Added {0} ({1}),Pridané {0} ({1})
Address Line 1,Adresný riadok 1
Addresses,Adresy
All,Všetky
Brand,Značka
Browse,Prehľadávať
Cancelled,Zrušené
Chart,Graf
Close,Zatvoriť
Communication,Komunikácia
Compact Item Print,Kompaktná položka Tlač
Company,Spoločnosť
Complete,Kompletné
Completed,Dokončené
Continue,Pokračovať
Country,Krajina
Creating {0},Vytvorenie {0}
Currency,Mena
Customize,Prispôsobenie stránky
Daily,Denne
Date,Dátum
Dear,Vážený
Default,Predvolené nastavenie
Delete,Odstrániť
Description,Popis
Designation,Označenie
Disabled,Bezbariérový
Doctype,Doktorový typ
Download Template,Stiahnuť šablónu
Due Date,Dátum splatnosti
Duplicate,Duplikát
Edit Profile,Upraviť profil
Email,E-mail
Enter Value,Zadajte hodnotu
Entity Type,Typ subjektu
Error,Chyba
Expired,Vypršala platnosť
Export,Export
Export not allowed. You need {0} role to export.,Export nie je povolený. Na export potrebujete rolu {0}.
Field,Pole
File Manager,Správca súborov
Filters,Filtre
Get Items,Získajte položky
Goal,Cieľ
Group,Skupina
Group Node,Uzol skupiny
Help,Pomoc
Help Article,Pomocný článok
Home,Domov
Import Data from CSV / Excel files.,Import údajov zo súborov CSV / Excel.
In Progress,V štádiu rozpracovanosti
Intermediate,Stredne pokročilý
Invite as User,Pozvať ako používateľa
Loading...,Načítanie...
Location,Umiestnenie
Message,Správa
Missing Values Required,Požadované chýbajúce hodnoty
Mobile No,Mobilné číslo
Month,Mesiac
Name,Názov
Newsletter,Newsletter
Not Allowed,Nie je povolené
Note,Poznámka
Offline,Offline
Open,Otvorte stránku
Page {0} of {1},Strana {0} z {1}
Pending,Čaká sa na
Phone,Telefón
Please click on the following link to set your new password,"Ak chcete nastaviť nové heslo, kliknite na tento odkaz"
Please select another payment method. Stripe does not support transactions in currency '{0}',Vyberte si iný spôsob platby. Stripe nepodporuje transakcie v mene '{0}'
Please specify,"Prosím, uveďte"
Printing,Tlač
Priority,Priorita
Project,Projekt
Quarterly,Štvrťročne
Queued,Čakanie v rade
Quick Entry,Rýchly vstup
Reason,Dôvod
Refreshing,Osviežujúce
Rename,Premenovať stránku
Reset,Obnovenie
Review,Prehľad
Room,Izba
Room Type,Typ izby
Save,Uložiť
Search results for,Výsledky vyhľadávania pre
Select All,Vybrať všetko
Send,Odoslať
Sending,Odosielanie
Server Error,Chyba servera
Set,Nastavenie
Setup,Nastavenie
Setup Wizard,Sprievodca nastavením
Size,Veľkosť
Sr,Senior
Start,Štart
Start Time,Čas začiatku
Status,Stav
Submitted,Odoslané
Tag,Štítok
Template,Šablóna
Thursday,Štvrtok
Title,Názov
Total,Celkom
Totals,Celkové sumy
Tuesday,Utorok
Type,Typ
Update,Aktualizácia
User {0} is disabled,Používateľ {0} je vypnutý
Users and Permissions,Používatelia a oprávnenia
Warehouse,Sklad
Welcome to {0},Vitajte na stránke {0}
Year,Rok
Yearly,Ročný
You,Vy
and,a
{0} Name,{0} Názov
{0} is required,{0} je potrebné
ALL,VŠETKY
Attach File,Pripojiť súbor
Barcode,Čiarový kód
Beginning with,Počnúc
Bold,Odvážne
CANCELLED,ZRUŠENÉ
Calendar,Kalendár
Center,Stredisko
Clear,Jasné
Comment,Komentár
Comments,Komentáre
DRAFT,NÁVRH
Dashboard,Prístrojová doska
DocType,DocType
Download,Stiahnite si
EMail,E-mail
Edit in Full Page,Upraviť na celú stránku
Email Inbox,Doručená pošta
File,Súbor
Forward,Forward
Icon,Ikona
In,Na stránke
Inbox,Doručená pošta
Insert New Records,Vloženie nových záznamov
JavaScript,JavaScript
LDAP Settings,Nastavenia LDAP
Left,Vľavo
Like,Rovnako ako
Link,Odkaz
Logged in,Prihlásený
New,Nový
Not Found,Nenájdené
Not Like,Nie ako
Notify by Email,Upozornenie e-mailom
Now,Teraz
Off,Vypnuté
One of,Jeden z
Page,Strana
Print,Tlač
Reference Name,Referenčný názov
Refresh,Obnoviť
Repeat,Opakujte
Right,Vpravo
Roles HTML,Úlohy HTML
Scheduled To Send,Naplánované odoslanie
Search Results for ,Výsledky vyhľadávania pre
Send Notification To,Odoslať oznámenie na
Success,Úspech
Tags,Značky
Time,Čas
Updated Successfully,Úspešne aktualizované
Upload,Nahrať
User ,Používateľ
Value,Hodnota
Web Link,Webové prepojenie
Your Email Address,Vaša e-mailová adresa
Desktop,Stolný počítač
Usage Info,Informácie o používaní
Download Backups,Stiahnutie záloh
Recorder,Záznamník
Role Permissions Manager,Správca oprávnení rolí
Translation Tool,Nástroj na preklad
Awaiting password,Čaká sa na heslo
Current status,Súčasný stav
Download template,Stiahnuť šablónu
Edit in full page,Upraviť na celú stránku
Email Id,E-mailová adresa
Email address,E-mailová adresa
Ends on,Končí sa na
Half-yearly,Polročne
Hidden,Skryté
Javascript,Javascript
Ldap settings,Nastavenia služby Ldap
Mobile number,Mobilné číslo
Mx,Mx
No,Nie
Not found,Nenájdené
Notes:,Poznámky:
Notify by email,Upozornenie e-mailom
Permitted Documents For User,Povolené dokumenty pre používateľa
Reference Docname,Referenčný názov dokumentu
Reference Doctype,Referenčný typ Doctype
Reference name,Referenčný názov
Roles Html,Úlohy Html
Row #,Riadok #
Scheduled to send,Naplánované odoslanie
Select Doctype,Vybrať typ dokladu
Send Email for Successful backup,Odoslať e-mail pre úspešné zálohovanie
Sign up,Zaregistrujte sa
Time format,Formát času
Upload failed,Nahrávanie sa nepodarilo
User Id,Id používateľa
Yes,Áno
Your email address,Vaša e-mailová adresa
added,pridané
added {0},pridané {0}
barcode,čiarový kód
beginning with,začínajúce sa na
blue,modrá
bold,tučné písmo
book,kniha
calendar,kalendár
certificate,certifikát
check,kontrola
clear,prehľadne
comment,komentár
comments,komentáre
created,vytvorené
danger,nebezpečenstvo
dashboard,prístrojová doska
download,stiahnuť
edit,upraviť
email inbox,e-mailová schránka
file,súbor
filter,filter
flag,vlajka
font,písmo
forward,dopredu
green,zelená
home,Domov
icon,ikona
inbox,schránka
like,ako
link,odkaz
list,zoznam
lock,zámok
logged in,prihlásený
message,správa
module,modul
move,presunúť
music,hudba
new,nový
now,teraz
off,mimo
one of,jeden z
orange,oranžová
page,stránka
print,tlač
purple,fialová
random,náhodné
red,červená
refresh,obnoviť
remove,odstrániť
response,odpoveď
search,vyhľadávanie
share,zdieľať
stop,zastaviť
success,úspech
tag,tag
tags,značky
tasks,úlohy
time,čas
trash,odpadky
upload,nahrať
user,používateľ
value,hodnota
web link,webové prepojenie
yellow,žltá
Not permitted,Nie je povolené
Add Chart to Dashboard,Pridanie grafu na prístrojovú dosku
Add to Dashboard,Pridať na prístrojovú dosku
Google Translation,Preklad Google
Important,Dôležité
No Filters Set,Žiadne nastavené filtre
No Records Created,Žiadne vytvorené záznamy
Please Set Chart,"Prosím, nastavte graf"
Please create chart first,Najskôr vytvorte graf
"Report has no data, please modify the filters or change the Report Name","Správa neobsahuje žiadne údaje, upravte filtre alebo zmeňte názov správy"
Select Dashboard,Vyberte prístrojový panel
Y Field,Pole Y
You need to be in developer mode to edit this document,"Ak chcete upraviť tento dokument, musíte byť v režime pre vývojárov"
Cards,Karty
Community Contribution,Príspevok Spoločenstva
Count Filter,Filter počítania
Dashboard Chart Field,Pole grafu prístrojovej dosky
Desk Card,Stolová karta
Desk Chart,Stolový graf
Desk Page,Stránka na stole
Desk Shortcut,Stolová skratka
Developer Mode Only,Len režim pre vývojárov
Disable User Customization,Zakázanie prispôsobenia používateľa
For example: {} Open,Napríklad: {} Otvoriť
Link Cards,Karty prepojení
Link To,Odkaz na
Onboarding,Onboarding
Percentage,Percento
Pie,Koláč
Pin To Bottom,Kolík na dno
Pin To Top,Pripnúť na začiatok
Restrict to Domain,Obmedziť na doménu
Shortcuts,Skratky
X Field,X Pole
Y Axis,Os Y
workspace,pracovný priestor
Setup > User,Nastavenie > Používateľ
Setup > Customize Form,Nastavenie > Prispôsobiť formulár
Setup > User Permissions,Nastavenie > Oprávnenia používateľa
"Error connecting to QZ Tray Application...<br><br> You need to have QZ Tray application installed and running, to use the Raw Print feature.<br><br><a target=""_blank"" href=""https://qz.io/download/"">Click here to Download and install QZ Tray</a>.<br> <a target=""_blank"" href=""https://erpnext.com/docs/user/manual/en/setting-up/print/raw-printing"">Click here to learn more about Raw Printing</a>.","Chyba pri pripájaní k aplikácii QZ Tray...<br><br> Ak chcete používať funkciu surovej tlače, musíte mať nainštalovanú a spustenú aplikáciu QZ Tray.<br><br><a target=""_blank"" href=""https://qz.io/download/"">Kliknutím sem si stiahnete a nainštalujete QZ Tray</a>.<br> <a target=""_blank"" href=""https://erpnext.com/docs/user/manual/en/setting-up/print/raw-printing"">Kliknutím sem sa dozviete viac o surovej tlači</a>."
No email account associated with the User. Please add an account under User > Email Inbox.,Používateľ nemá priradené žiadne e-mailové konto. Pridajte konto v časti Používateľ > E-mailová schránka.
"For comparison, use >5, <10 or =324. For ranges, use 5:10 (for values between 5 & 10).","Na porovnanie použite >5, <10 alebo =324. Pre rozsahy použite 5:10 (pre hodnoty medzi 5 a 10)."
No default Address Template found. Please create a new one from Setup > Printing and Branding > Address Template.,Nenašla sa žiadna predvolená šablóna adresy. Vytvorte si novú v ponuke Nastavenie > Tlač a branding > Šablóna adresy.
Please setup default Email Account from Setup > Email > Email Account,Nastavte predvolené e-mailové konto v ponuke Nastavenie > E-mail > E-mailové konto
Email Account not setup. Please create a new Email Account from Setup > Email > Email Account,E-mailové konto nie je nastavené. Vytvorte si nové e-mailové konto v ponuke Nastavenie > E-mail > E-mailové konto
Attach file,Pripojte súbor
Contribution Status,Stav príspevku
Contribution Document Name,Príspevok Názov dokumentu
Extends,Rozširuje
Extends Another Page,Rozšíri ďalšiu stránku
Please select target language for translation,Vyberte cieľový jazyk prekladu
Select Language,Vyberte jazyk
Confirm Translations,Potvrdiť preklady
Contributed Translations,Prispievané preklady
Show Tags,Zobraziť značky
Do not have permission to access {0} bucket.,Nemáte oprávnenie na prístup k vedru {0}.
Allow document creation via Email,Umožniť vytváranie dokumentov prostredníctvom e-mailu
Sender Field,Pole odosielateľa
Logout All Sessions on Password Reset,Odhlásenie všetkých relácií pri obnovení hesla
Logout From All Devices After Changing Password,Odhlásenie zo všetkých zariadení po zmene hesla
Send Notifications For Documents Followed By Me,Odosielanie oznámení pre mnou sledované dokumenty
Send Notifications For Email Threads,Odosielanie oznámení pre e-mailové vlákna
Bypass Restricted IP Address Check If Two Factor Auth Enabled,"Obchádzanie kontroly obmedzenej IP adresy, ak je povolené dvojfaktorové overovanie"
Reset LDAP Password,Obnovenie hesla LDAP
Confirm New Password,Potvrdenie nového hesla
Logout All Sessions,Odhlásenie všetkých relácií
Passwords do not match!,Heslá sa nezhodujú!
Dashboard Manager,Správca prístrojovej dosky
Dashboard Settings,Nastavenia prístrojovej dosky
Chart Configuration,Konfigurácia grafu
No Permitted Charts on this Dashboard,Žiadne povolené grafy na tomto prístrojovom paneli
No Permitted Charts,Žiadne povolené grafy
Reset Chart,Obnovenie grafu
via {0},prostredníctvom {0}
{0} is not a valid Phone Number,{0} nie je platné telefónne číslo
Failed Transactions,Neúspešné transakcie
Value for field {0} is too long in {1}. Length should be lesser than {2} characters,Hodnota pre pole {0} je príliš dlhá v {1}. Dĺžka by mala byť menšia ako {2} znakov
Data Too Long,Príliš dlhé údaje
via Notification,prostredníctvom oznámenia
Log in to access this page.,Prihláste sa pre prístup na túto stránku.
Report Document Error,Nahlásiť chybu dokumentu
{0} is an invalid Data field.,{0} je neplatné dátové pole.
Only Options allowed for Data field are:,Jediné povolené možnosti pre dátové pole sú:
Select a valid Subject field for creating documents from Email,Výber platného poľa Predmet na vytváranie dokumentov z e-mailu
"Subject Field type should be Data, Text, Long Text, Small Text, Text Editor","Typ poľa Subject by mal byť Data, Text, Long Text, Small Text, Text Editor"
Select a valid Sender Field for creating documents from Email,Výber platného poľa odosielateľa na vytváranie dokumentov z e-mailu
Sender Field should have Email in options,Pole odosielateľa by malo mať v možnostiach položku E-mail
Password changed successfully.,Heslo bolo úspešne zmenené.
Failed to change password.,Nepodarilo sa zmeniť heslo.
No Entry for the User {0} found within LDAP!,V systéme LDAP nebol nájdený žiadny záznam pre používateľa {0}!
No LDAP User found for email: {0},Pre e-mail nebol nájdený žiadny používateľ LDAP: {0}
Prepared Report User,Pripravená správa Používateľ
Scheduler Event,Plánovač udalostí
Select Event Type,Vyberte typ udalosti
Schedule Script,Skript harmonogramu
Duration,Trvanie
Donut,Donut
Custom Options,Vlastné možnosti
"Ex: ""colors"": [""#d1d8dd"", ""#ff5858""]","Napríklad: ""farby"": ]: [""#d1d8dd"", ""#ff5858""]"
Confirmation Email Template,Šablóna potvrdzujúceho e-mailu
Welcome Email Template,Šablóna uvítacieho e-mailu
Schedule Send,Odoslanie plánu
Do you really want to send this email newsletter?,Naozaj chcete posielať tento e-mailový bulletin?
Advanced Settings,Rozšírené nastavenia
Disable Comments,Zakázať komentáre
Comments on this blog post will be disabled if checked.,"Komentáre k tomuto príspevku na blogu budú vypnuté, ak budú zaškrtnuté."
CSS Class,Trieda CSS
Full Width,Na celú šírku
Page Builder,Tvorca stránok
Page Building Blocks,Stavebné bloky stránky
Header and Breadcrumbs,Záhlavie a omrvinky
Add Custom Tags,Pridanie vlastných značiek
Web Page Block,Blok webových stránok
Web Template,Webová šablóna
Edit Values,Úprava hodnôt
Web Template Values,Hodnoty webovej šablóny
Add Container,Pridať kontajner
Web Page View,Zobrazenie webovej stránky
Path,Cesta
Referrer,Odkazovač
Browser,Prehliadač
Browser Version,Verzia prehliadača
Web Template Field,Pole webovej šablóny
Section,Sekcia
Hide,Skryť
Enable In App Website Tracking,Povolenie sledovania webových stránok v aplikácii
Enable Google Indexing,Povolenie indexovania Google
"To use Google Indexing, enable <a href=""#Form/Google Settings"">Google Settings</a>.","Ak chcete používať indexovanie Google, povoľte <a href=""#Form/Google Settings"">Nastavenia Google</a>."
Authorize API Indexing  Access,Autorizácia prístupu k indexovaniu API
Indexing Refresh Token,Token na obnovenie indexovania
Indexing Authorization Code,Autorizačný kód indexovania
Theme Configuration,Konfigurácia témy
Font Properties,Vlastnosti písma
Button Rounded Corners,Zaoblené rohy tlačidiel
Button Shadows,Stíny tlačidiel
Button Gradients,Prechody tlačidiel
Light Color,Farba svetla
Stylesheet,Súbor štýlov
Custom SCSS,Vlastné SCSS
Navbar,Navigačný panel
Source Message,Zdrojová správa
Translated Message,Preložená správa
Using this console may allow attackers to impersonate you and steal your information. Do not enter or paste code that you do not understand.,"Používanie tejto konzoly môže útočníkom umožniť vydávať sa za vás a ukradnúť vaše informácie. Nezadávajte ani nevkladajte kód, ktorému nerozumiete."
{0} m,{0} m
{0} h,{0} h
{0} d,{0} d
{0} w,{0} w
{0} M,{0} M
{0} y,{0} y
yesterday,včera
{0} years ago,pred {0} rokmi
New Chart,Nový graf
New Shortcut,Nová skratka
Edit Chart,Upraviť graf
Edit Shortcut,Upraviť skratku
Couldn't Load Desk,Nepodarilo sa načítať stôl
"Something went wrong while loading Desk. <b>Please relaod the page</b>. If the problem persists, contact the Administrator","Pri načítavaní sa niečo pokazilo Kancelária. <b>Prosím, obnovte stránku</b>. Ak problém pretrváva, kontaktujte správcu"
Customize Workspace,Prispôsobenie pracovného priestoru
Customizations Saved Successfully,Úspešné uloženie prispôsobení
Something went wrong while saving customizations,Pri ukladaní prispôsobení sa niečo pokazilo
{} Dashboard,{} Prístrojová doska
No changes in document,Žiadne zmeny v dokumente
by Role,podľa role
Document is only editable by users with role,Dokument môžu upravovať len používatelia s rolou
{0}: Other permission rules may also apply,{0}: Môžu sa uplatniť aj iné pravidlá oprávnenia
{0} Web page views,{0} Zobrazenia webových stránok
Expand,Rozšíriť
Collapse,Zrútenie
"Invalid Bearer token, please provide a valid access token with prefix 'Bearer'.","Invalid Bearer token, zadajte platný prístupový token s prefixom ""Bearer""."
"Failed to decode token, please provide a valid base64-encoded token.","Nepodarilo sa dekódovať token, zadajte platný token v kódovaní base64."
"Invalid token, please provide a valid token with prefix 'Basic' or 'Token'.","Neplatný token, zadajte platný token s prefixom ""Basic"" alebo ""Token""."
{0} is not a valid Name,{0} nie je platné meno
Your system is being updated. Please refresh again after a few moments.,Váš systém sa aktualizuje. Po niekoľkých okamihoch ho prosím znovu obnovte.
{0} {1}: Submitted Record cannot be deleted. You must {2} Cancel {3} it first.,{0} {1}: Odoslaný záznam nie je možné vymazať. Musíte {2} Najskôr ho zrušiť {3}.
Error has occurred in {0},Chyba sa vyskytla v {0}
Status Updated,Stav aktualizovaný
You can also copy-paste this {0} to your browser,Do prehliadača môžete tiež skopírovať a vložiť tento {0}
Enabled scheduled execution for script {0},Povolené plánované vykonávanie skriptu {0}
Scheduled execution for script {0} has updated,Naplánované vykonávanie skriptu {0} sa aktualizovalo
The Link specified has either been used before or Invalid,Zadané prepojenie už bolo použité alebo je neplatné
Options for {0} must be set before setting the default value.,Pred nastavením predvolenej hodnoty sa musia nastaviť možnosti pre {0}.
Default value for {0} must be in the list of options.,Predvolená hodnota pre {0} musí byť v zozname možností.
Google Indexing has been configured.,Indexovanie Google bolo nakonfigurované.
Allow API Indexing Access,Povolenie prístupu k indexovaniu API
Allow Google Indexing Access,Povolenie prístupu k indexovaniu Google
Custom Documents,Vlastné dokumenty
Could not save customization,Nepodarilo sa uložiť prispôsobenie
Transgender,Transgender
Genderqueer,Genderqueer
Non-Conforming,Nevyhovujúce
Prefer not to say,Radšej nehovoriť
Is Billing Contact,Je fakturačný kontakt
Address And Contacts,Adresa a kontakty
Lead Conversion Time,Čas konverzie olova
Due Date Based On,Dátum splatnosti na základe
Linked Documents,Prepojené dokumenty
Steps,Kroky
email,e-mail
Component,Komponent
Subtitle,Podtitul
Prefix,Predpona
Is Public,Je verejná
This chart will be available to all Users if this is set,"Tento graf bude k dispozícii všetkým Používateľom, ak je táto možnosť nastavená"
Number Card,Číselná karta
Function,Funkcia
Minimum,Minimálne
Maximum,Maximum
This card will be available to all Users if this is set,"Táto karta bude dostupná všetkým Používateľom, ak je táto možnosť nastavená"
Stats,Štatistiky
Show Percentage Stats,Zobraziť percentuálne štatistiky
Stats Time Interval,Štatistiky Časový interval
Show percentage difference according to this time interval,Zobraziť percentuálny rozdiel podľa tohto časového intervalu
Filters Section,Sekcia filtrov
Number Card Link,Prepojenie na číselnú kartu
Card,Karta
API Access,Prístup k API
Access Key Secret,Tajný prístupový kľúč
S3 Bucket Details,Podrobnosti o vedre S3
Bucket Name,Názov vedra
Backup Details,Podrobnosti o zálohovaní
Backup Files,Záložné súbory
Backup public and private files along with the database.,Zálohovanie verejných a súkromných súborov spolu s databázou.
Set to 0 for no limit on the number of backups taken,"Nastavte na 0, aby ste neobmedzili počet vytvorených záloh"
Meta Description,Meta popis
Meta Image,Metaobraz
Google Snippet Preview,Ukážka úryvku Google
This is an example Google SERP Preview.,Toto je príklad náhľadu SERP Google.
Add Gray Background,Pridanie sivého pozadia
Hide Block,Skryť blok
This Week,Tento týždeň
This Month,Tento mesiac
This Quarter,Tento štvrťrok
This Year,Tento rok
All Time,Celý čas
Select From Date,Vyberte dátum od
since yesterday,od včera
since last week,od minulého týždňa
since last month,od minulého mesiaca
since last year,od minulého roka
Show,Zobraziť
New Number Card,Nová číselná karta
Your Shortcuts,Vaše skratky
You haven't added any Dashboard Charts or Number Cards yet.,Zatiaľ ste nepridali žiadne grafy na prístrojovej doske ani číselné karty.
Click On Customize to add your first widget,Kliknutím na tlačidlo Prispôsobiť pridáte svoj prvý widget
Are you sure you want to reset all customizations?,"Ste si istí, že chcete obnoviť všetky prispôsobenia?"
"Couldn't save, please check the data you have entered","Nepodarilo sa uložiť, skontrolujte prosím zadané údaje"
Validation Error,Chyba pri overovaní
"You can only upload JPG, PNG, PDF, or Microsoft documents.","Nahrávať môžete len dokumenty JPG, PNG, PDF alebo Microsoft."
Reverting length to {0} for '{1}' in '{2}'. Setting the length as {3} will cause truncation of data.,Vrátenie dĺžky na {0} pre '{1}' v '{2}'. Nastavenie dĺžky ako {3} spôsobí skrátenie údajov.
'{0}' not allowed for type {1} in row {2},'{0}' nie je povolené pre typ {1} v riadku {2}
Option {0} for field {1} is not a child table,Možnosť {0} pre pole {1} nie je podradená tabuľka
Invalid Option,Neplatná možnosť
Request Body consists of an invalid JSON structure,Telo požiadavky pozostáva z neplatnej štruktúry JSON
Invalid JSON,Neplatný JSON
Party GSTIN,Strana GSTIN
GST State,Štát GST
Andaman and Nicobar Islands,Andamanské a Nikobarské ostrovy
Andhra Pradesh,Andhra Pradesh
Arunachal Pradesh,Arunáčalpradéš
Assam,Assam
Bihar,Bihár
Chandigarh,Chandigarh
Chhattisgarh,Chhattisgarh
Dadra and Nagar Haveli,Dadra a Nagar Haveli
Daman and Diu,Daman a Diu
Delhi,Dillí
Goa,Goa
Gujarat,Gudžarát
Haryana,Haryana
Himachal Pradesh,Himáčalpradéš
Jammu and Kashmir,Džammú a Kašmír
Jharkhand,Džhárkhand
Karnataka,Karnataka
Kerala,Kerala
Lakshadweep Islands,Ostrovy Lakshadweep
Madhya Pradesh,Madhjapradéš
Maharashtra,Maháraštra
Manipur,Manipur
Meghalaya,Meghalaya
Mizoram,Mizoram
Nagaland,Nagaland
Odisha,Odisha
Other Territory,Iné územie
Pondicherry,Pondicherry
Punjab,Pandžáb
Rajasthan,Radžastan
Sikkim,Sikkim
Tamil Nadu,Tamil Nadu
Telangana,Telangana
Tripura,Tripura
Uttar Pradesh,Uttarpradéš
Uttarakhand,Uttarakhand
West Bengal,Západné Bengálsko
GST State Number,Číslo štátu GST
Import from Google Sheets,Import z hárkov Google
Must be a publicly accessible Google Sheets URL,Musí to byť verejne prístupná adresa URL hárkov Google
Refresh Google Sheet,Obnovenie hárku Google
Import File Errors and Warnings,Chyby a upozornenia pri importe súborov
"Successfully imported {0} records out of {1}. Click on Export Errored Rows, fix the errors and import again.","Úspešne importovaných {0} záznamov z {1}. Kliknite na Exportovať chybné riadky, opravte chyby a importujte znova."
"Successfully imported {0} record out of {1}. Click on Export Errored Rows, fix the errors and import again.","Úspešne importovaný {0} záznam z {1}. Kliknite na Exportovať chybné riadky, opravte chyby a importujte znova."
"Successfully updated {0} records out of {1}. Click on Export Errored Rows, fix the errors and import again.","Úspešne aktualizované {0} záznamov z {1}. Kliknite na Exportovať chybné riadky, opravte chyby a znova importujte."
"Successfully updated {0} record out of {1}. Click on Export Errored Rows, fix the errors and import again.","Úspešne aktualizovaný {0} záznam z {1}. Kliknite na Exportovať chybné riadky, opravte chyby a znova importujte."
Data Import Legacy,Dedičný import údajov
Documents restored successfully,Úspešné obnovenie dokumentov
Documents that were already restored,"Dokumenty, ktoré už boli obnovené"
Documents that failed to restore,"Dokumenty, ktoré sa nepodarilo obnoviť"
Document Restoration Summary,Zhrnutie obnovy dokumentov
Hide Days,Skryť dni
Hide Seconds,Skryť sekundy
Hide Border,Skryť hranicu
Index Web Pages for Search,Indexovanie webových stránok na vyhľadávanie
Action / Route,Akcia / trasa
Document Naming Rule,Pravidlo pre pomenovanie dokumentov
Rule Conditions,Podmienky pravidiel
Digits,Číslice
Example: 00001,Príklad: 00001
Counter,Počítadlo
Document Naming Rule Condition,Pravidlo pre pomenovanie dokumentov Podmienka
Installed Application,Nainštalovaná aplikácia
Application Name,Názov aplikácie
Application Version,Verzia aplikácie
Git Branch,Pobočka Git
Installed Applications,Nainštalované aplikácie
Navbar Item,Položka panela navigácie
Item Label,Označenie položky
Item Type,Typ položky
Separator,Oddeľovač
Navbar Settings,Nastavenia panela navigácie
Application Logo,Logo aplikácie
Logo Width,Šírka loga
Dropdowns,Rozbaľovacie ponuky
Settings Dropdown,Rozbaľovacie okno Nastavenia
Help Dropdown,Rozbaľovacie okno Pomocník
Query / Script,Dotaz / Skript
"Filters will be accessible via <code>filters</code>. <br><br>Send output as <code>result = [result]</code>, or for old style <code>data = [columns], [result]</code>","Filtre budú prístupné cez <code>filters</code>. <br><br>Výstup môžete odoslať ako <code>výsledok = [výsledok]</code> alebo pre starý štýl <code>data = [stĺpce], [výsledok]</code>."
Client Code,Kód klienta
Report Column,Stĺpec správy
Report Filter,Filter správ
Wildcard Filter,Filter divokých kariet
"Will add ""%"" before and after the query","Pridá ""%"" pred a za dotaz"
"Route: Example ""/desk""","Trasa: Príklad: ""/desk"""
Enable Onboarding,Povolenie onboardingu
Password Reset Link Generation Limit,Limit generovania prepojenia na obnovenie hesla
Hourly rate limit for generating password reset links,Limit hodinovej sadzby na generovanie odkazov na resetovanie hesla
Include Web View Link in Email,Zahrnutie prepojenia na webové zobrazenie do e-mailu
Enable Auto-deletion of Prepared Reports,Povolenie automatického mazania pripravených správ
Prepared Report Expiry Period (Days),Obdobie platnosti pripravenej správy (dni)
System will automatically delete Prepared Reports after these many days since creation,Systém automaticky vymaže pripravené správy po uplynutí týchto dní od vytvorenia
Package Document Type,Balík Typ dokumentu
Include Attachments,Zahrnúť prílohy
Overwrite,Prepísať
Package Publish Target,Cieľ zverejnenia balíka
Site URL,Adresa URL stránky
Package Publish Tool,Nástroj na publikovanie balíkov
Click on the row for accessing filters.,Kliknite na riadok pre prístup k filtrom.
Sites,Stránky
Last Deployed On,Naposledy nasadený dňa
Console Log,Protokol konzoly
"Set Default Options for all charts on this Dashboard (Ex: ""colors"": [""#d1d8dd"", ""#ff5858""])","Nastavenie predvolených možností pre všetky grafy na tomto paneli (napr.: ""farby"": [""#d1d8dd"", ""#ff5858""])"
Use Report Chart,Použitie grafu správy
Heatmap,Heatmap
Dynamic Filters,Dynamické filtre
Dynamic Filters JSON,Dynamické filtre JSON
Set Dynamic Filters,Nastavenie dynamických filtrov
Click to Set Dynamic Filters,Kliknutím nastavíte dynamické filtre
Hide Custom DocTypes and Reports,Skrytie vlastných typov dokumentov a zostáv
Checking this will hide custom doctypes and reports cards in Links section,Začiarknutím tejto položky sa v sekcii Odkazy skryjú vlastné doklady a karty hlásení
DocType View,Zobrazenie typu DocType
Which view of the associated DocType should this shortcut take you to?,Na ktoré zobrazenie súvisiaceho typu DocType vás má táto skratka presmerovať?
List View Settings,Nastavenia zobrazenia zoznamu
Maximum Number of Fields,Maximálny počet polí
Module Onboarding,Vstup do modulu
System managers are allowed by default,Správcovia systému majú predvolene povolené
Documentation URL,Adresa URL dokumentácie
Is Complete,Je dokončená
Alert,Upozornenie
Document Link,Odkaz na dokument
Attached File,Pripojený súbor
Attachment Link,Odkaz na prílohu
Open Reference Document,Otvoriť referenčný dokument
Custom Configuration,Vlastná konfigurácia
Filters Configuration,Konfigurácia filtrov
Dynamic Filters Section,Sekcia dynamických filtrov
Please create Card first,Najskôr vytvorte kartu
Onboarding Permission,Povolenie na vstup na palubu
Onboarding Step,Vstupný krok
Is Skipped,Je preskočený
Create Entry,Vytvoriť záznam
Update Settings,Aktualizácia nastavení
Show Form Tour,Zobraziť formulár Tour
View Report,Zobraziť správu
Go to Page,Prejsť na stránku
Watch Video,Pozrite si video
Show Full Form?,Zobraziť celý formulár?
Show full form instead of a quick entry modal,Zobrazenie celého formulára namiesto modálneho okna rýchleho vstupu
Report Reference Doctype,Referenčný typ správy
Report Description,Popis správy
This will be shown to the user in a dialog after routing to the report,Toto sa zobrazí používateľovi v dialógovom okne po presmerovaní do správy
Example: #Tree/Account,Príklad: #Tree/Account
Callback Title,Názov spätného volania
Callback Message,Správa o spätnom volaní
This will be shown in a modal after routing,Toto sa zobrazí v modálnom okne po smerovaní
Validate Field,Overenie poľa
Value to Validate,Hodnota na overenie
Use % for any non empty value.,"Použite % pre akúkoľvek hodnotu, ktorá nie je prázdna."
Video URL,Adresa URL videa
Onboarding Step Map,Mapa krokov pri nástupe do zamestnania
Step,Krok
System Console,Systémová konzola
Console,Konzola
To print output use <code>log(text)</code>,"Ak chcete vytlačiť výstup, použite <code>log(text)</code>"
Commit,Záväzok
Execute Console script,Spustenie skriptu konzoly
Execute,Vykonajte
Create Contacts from Incoming Emails,Vytvorenie kontaktov z prichádzajúcich e-mailov
Inbox User,Používateľ priečinka Doručená pošta
Disabled Auto Reply,Zakázaná automatická odpoveď
Schedule Sending,Odosielanie podľa plánu
Message (Markdown),Správa (Markdown)
Message (HTML),Správa (HTML)
Send Attachments,Odosielanie príloh
Testing,Testovanie
System Notification,Systémové upozornenie
Twilio Number,Číslo Twilio
"To use WhatsApp for Business, initialize <a href=""#Form/Twilio Settings"">Twilio Settings</a>.","Ak chcete používať aplikáciu WhatsApp for Business, inicializujte <a href=""#Form/Twilio Settings"">Nastavenia TWILIO</a>."
"To use Slack Channel, add a <a href=""#List/Slack%20Webhook%20URL/List"">Slack Webhook URL</a>.","Ak chcete používať kanál Slack, pridajte <a href=""#List/Slack%20Webhook%20URL/List"">Slack Webhook URL</a>."
Send System Notification,Odoslanie systémového oznámenia
"If enabled, the notification will show up in the notifications dropdown on the top right corner of the navigation bar.","Ak je táto možnosť povolená, oznámenie sa zobrazí v rozbaľovacom zozname oznámení v pravom hornom rohu navigačného panela."
Send To All Assignees,Odoslať všetkým príjemcom
Receiver By Document Field,Príjemca podľa poľa dokumentu
Receiver By Role,Prijímateľ podľa úlohy
Child Table,Detský stôl
Remote Value Filters,Filtre vzdialených hodnôt
API Key of the user(Event Subscriber) on the producer site,Kľúč API používateľa (účastníka udalosti) na stránke výrobcu
API Secret of the user(Event Subscriber) on the producer site,Tajomstvo API používateľa (účastníka udalosti) na stránke výrobcu
Paytm Settings,Nastavenia Paytm
Merchant Key,Kľúč obchodníka
Staging,Inscenácia
Industry Type ID,ID typu odvetvia
See https://docs.aws.amazon.com/general/latest/gr/s3.html for details.,Podrobnosti nájdete na stránke https://docs.aws.amazon.com/general/latest/gr/s3.html.
af-south-1,af-south-1
ap-east-1,ap-east-1
eu-south-1,eu-south-1
me-south-1,me-south-1
Twilio Number Group,Skupina čísel Twilio
Twilio Settings,Nastavenia služby Twilio
Auth Token,Token autentifikácie
Read Time,Čas na čítanie
in minutes,v minútach
Featured,Odporúčané stránky
Hide CTA,Skryť CTA
"Description for listing page, in plain text, only a couple of lines. (max 200 characters)","Popis stránky s ponukou, v jednoduchom texte, len pár riadkov. (max. 200 znakov)"
Meta Title,Meta názov
Enable Social Sharing,Povolenie zdieľania v sociálnych sieťach
Show CTA in Blog,Zobraziť CTA v blogu
CTA,CTA
CTA Label,Štítok CTA
CTA URL,ADRESA URL CTA
Default Portal Home,Predvolený portál Domov
"Example: ""/desk""","Príklad: ""/desk"""
Social Link Settings,Nastavenia sociálnych prepojení
Social Link Type,Typ sociálneho prepojenia
facebook,facebook
linkedin,linkedin
twitter,twitter
"If Icon is set, it will be shown instead of Label","Ak je nastavená ikona, zobrazí sa namiesto štítku"
Apply Document Permissions,Použiť oprávnenia na dokumenty
"For help see <a href=""https://frappeframework.com/docs/user/en/guides/portal-development/web-forms"" target=""_blank"">Client Script API and Examples</a>","Pomoc nájdete v <a href=""https://frappeframework.com/docs/user/en/guides/portal-development/web-forms"" target=""_blank"">Príklady a API klientskeho skriptu</a>"
Dynamic Route,Dynamická trasa
Map route parameters into form variables. Example <code>/project/&lt;name&gt;</code>,Mapovanie parametrov trasy do premenných formulára. Príklad <code>/project/&lt;name&gt;</code>
Context Script,Kontextový skript
"<p>Set context before rendering a template. Example:</p><p>\n</p><div><pre><code>\ncontext.project = frappe.get_doc(""Project"", frappe.form_dict.name)\n</code></pre></div>","<p>Nastavenie kontextu pred vykreslením šablóny. Príklad:</p><p>\n</p><div><pre><code>\ncontext.project = frappe.get_doc(""Project"", frappe.form_dict.name)\n</code></pre></div>"
Title of the page,Názov stránky
This title will be used as the title of the webpage as well as in meta tags,"Tento názov sa použije ako názov webovej stránky, ako aj v meta značkách"
Makes the page public,Zverejní stránku
Checking this will publish the page on your website and it'll be visible to everyone.,Po začiarknutí tejto možnosti sa stránka zverejní na vašom webe a bude viditeľná pre všetkých.
URL of the page,Adresa URL stránky
"This will be automatically generated when you publish the page, you can also enter a route yourself if you wish","Táto sa automaticky vygeneruje pri publikovaní stránky, ak chcete, môžete trasu zadať aj sami."
Content type for building the page,Typ obsahu na vytvorenie stránky
"You can select one from the following,","Môžete si vybrať jednu z nasledujúcich možností,"
Standard rich text editor with controls,Štandardný textový editor s ovládacími prvkami
Github flavoured markdown syntax,Syntax markdown s príchuťou Github
HTML with jinja support,HTML s podporou jinja
Frappe page builder using components,Budovateľ stránok Frappe pomocou komponentov
Checking this will show a text area where you can write custom javascript that will run on this page.,"Po začiarknutí tejto možnosti sa zobrazí textová oblasť, do ktorej môžete napísať vlastný javascript, ktorý sa spustí na tejto stránke."
Meta title for SEO,Meta názov pre SEO
"By default the title is used as meta title, adding a value here will override it.","V predvolenom nastavení sa nadpis používa ako meta nadpis, pridaním hodnoty tu sa prepíše."
"The meta description is an HTML attribute that provides a brief summary of a web page. Search engines such as Google often display the meta description in search results, which can influence click-through rates.","Meta popis je atribút HTML, ktorý poskytuje stručné zhrnutie webovej stránky. Vyhľadávače, ako napríklad Google, často zobrazujú meta popis vo výsledkoch vyhľadávania, čo môže ovplyvniť mieru prekliku."
"The meta image is unique image representing the content of the page. Images for this Card should be at least 280px in width, and at least 150px in height.",Metaobrázok je jedinečný obrázok reprezentujúci obsah stránky. Obrázky pre túto kartu by mali mať šírku aspoň 280px a výšku aspoň 150px.
Add Space on Top,Pridanie priestoru na vrchole
Add Space on Bottom,Pridať priestor na spodnej strane
Is Unique,Je jedinečný
User Agent,Používateľský agent
Table Break,Prestávka na stole
Hide Login,Skryť prihlásenie
Navbar Template,Šablóna navigačného panela
Navbar Template Values,Hodnoty šablóny navigačného panela
Call To Action,Výzva na akciu
Call To Action URL,Adresa URL výzvy na akciu
Footer Logo,Logo v päte
Footer Template,Šablóna päty
Footer Template Values,Hodnoty šablóny päty
Enable Tracking Page Views,Povolenie sledovania zobrazení stránky
"Checking this will enable tracking page views for blogs, web pages, etc.","Začiarknutím tejto položky sa umožní sledovanie zobrazení stránok pre blogy, webové stránky atď."
Disable Signup for your site,Zakázanie registrácie na vašej stránke
Check this if you don't want users to sign up for an account on your site. Users won't get desk access unless you explicitly provide it.,"Túto možnosť začiarknite, ak nechcete, aby si používatelia na vašom webe vytvárali konto. Používatelia nedostanú prístup k stolu, ak im ho výslovne neposkytnete."
URL to go to on clicking the slideshow image,"Adresa URL, na ktorú sa prejde po kliknutí na obrázok prezentácie"
Custom Overrides,Vlastné prepísania
Ignored Apps,Ignorované aplikácie
Include Theme from Apps,Zahrnúť tému z aplikácií
Website Theme Ignore App,Téma webovej stránky Ignorovať aplikáciu
Are you sure you want to save this document?,"Ste si istí, že chcete tento dokument uložiť?"
Refresh All,Obnoviť všetko
"Level 0 is for document level permissions, higher levels for field level permissions.","Úroveň 0 je určená pre oprávnenia na úrovni dokumentu, vyššie úrovne pre oprávnenia na úrovni polí."
Website Analytics,Analýza webových stránok
d,d
h,h
m,m
s,s
Less,Menej
Not a valid DocType view:,Nie je platným zobrazením typu DocType:
Unknown View,Neznámy pohľad
Go Back,Späť
Let's take you back to onboarding,Vráťme sa späť k nástupu na palubu
Great Job,Skvelá práca
Looks Great,Vyzerá skvele
Looks like you didn't change the value,"Vyzerá to, že ste nezmenili hodnotu"
Oops,Oops
Skip Step,Preskočiť krok
"You're doing great, let's take you back to the onboarding page.","Ide vám to skvele, vrátime vás na stránku s úvodnou informáciou."
Good Work 🎉,Dobrá práca 🎉
Submit this document to complete this step.,Odoslaním tohto dokumentu tento krok dokončíte.
Great,Skvelé
You may continue with onboarding,Môžete pokračovať v onboardingu
You seem good to go!,"Zdá sa, že môžete ísť!"
Onboarding Complete,Onboarding dokončený
{0} Settings,{0} Nastavenia
{0} Fields,{0} Polia
Reset Fields,Obnovenie polí
Select Fields,Vybrať polia
Warning: Unable to find {0} in any table related to {1},Varovanie: Nie je možné nájsť {0} v žiadnej tabuľke týkajúcej sa {1}
Tree view is not available for {0},Zobrazenie stromu nie je k dispozícii pre {0}
Create Card,Vytvoriť kartu
Card Label,Štítok na karte
Reports already in Queue,"Správy, ktoré sú už v čakacej listine"
Proceed Anyway,Pokračujte v každom prípade
Delete and Generate New,Odstránenie a generovanie nových
1 Report,1 Správa
{0} ({1}) (1 row mandatory),{0} ({1}) (povinný 1 riadok)
Select Fields To Insert,Výber polí na vloženie
Select Fields To Update,"Vyberte polia, ktoré chcete aktualizovať"
"This document is already amended, you cannot ammend it again","Tento dokument je už zmenený a doplnený, nemôžete ho zmeniť a doplniť znova"
Add to ToDo,Pridať k úlohám
{0} is currently {1},{0} je v súčasnosti {1}
{0} are currently {1},{0} sú v súčasnosti {1}
Currently Replying,Momentálne odpovedá
created {0},vytvorené {0}
Too Many Requests,Príliš veľa požiadaviek
"Invalid Authorization headers, add a token with a prefix from one of the following: {0}.","Neplatné hlavičky autorizácie, pridajte token s prefixom z jednej z nasledujúcich možností: {0}."
"Invalid Authorization Type {0}, must be one of {1}.","Neplatný typ autorizácie {0}, musí byť jeden z {1}."
{} is not a valid date string.,{} nie je platný dátumový reťazec.
Invalid Date,Neplatný dátum
Please select a valid date filter,Vyberte platný dátumový filter
Value {0} must be in the valid duration format: d h m s,Hodnota {0} musí byť v platnom formáte trvania: d h m s
Google Sheets URL is invalid or not publicly accessible.,Adresa URL hárkov Google je neplatná alebo nie je verejne prístupná.
"Google Sheets URL must end with ""gid={number}"". Copy and paste the URL from the browser address bar and try again.","Adresa URL hárkov Google musí končiť ""gid={číslo}"". Skopírujte a vložte adresu URL z adresného riadka prehliadača a skúste to znova."
Incorrect URL,Nesprávna adresa URL
"""{0}"" is not a valid Google Sheets URL","""{0}"" nie je platná adresa URL hárkov Google"
Duplicate Name,Duplicitný názov
"Please check the value of ""Fetch From"" set for field {0}","Skontrolujte hodnotu ""Fetch From"" nastavenú pre pole {0}"
Wrong Fetch From value,Nesprávna hodnota Fetch From
A field with the name '{}' already exists in doctype {}.,Pole s názvom '{}' už existuje v doctype {}.
Custom Field {0} is created by the Administrator and can only be deleted through the Administrator account.,Vlastné pole {0} vytvára správca a možno ho vymazať len prostredníctvom účtu správcu.
Failed to send {0} Auto Email Report,Nepodarilo sa odoslať {0} automatickú e-mailovú správu
Test email sent to {0},Testovací e-mail odoslaný na adresu {0}
Email queued to {0} recipients,E-mail zaradený do fronty pre {0} príjemcov
Newsletter should have at least one recipient,Newsletter by mal mať aspoň jedného príjemcu
Please enable Twilio settings to send WhatsApp messages,Povoľte prosím nastavenia Twilio na odosielanie správ WhatsApp
"Not allowed to attach {0} document, please enable Allow Print For {0} in Print Settings","Nie je povolené pripojiť {0} dokument, povoľte prosím tlač pre {0} v nastaveniach tlače"
Signup Disabled,Zakázaná registrácia
Signups have been disabled for this website.,Prihlasovanie na tejto webovej stránke bolo zakázané.
Open Document,Otvoriť dokument
The comment cannot be empty,Komentár nemôže byť prázdny
Hourly comment limit reached for: {0},Hodinový limit komentárov dosiahnutý pre: {0}
Please add a valid comment.,Pridajte prosím platný komentár.
Document {0} Already Restored,Dokument {0} Už obnovený
Restoring Deleted Document,Obnovenie odstráneného dokumentu
{function} of {fieldlabel},{funkcia} z {značka poľa}
Invalid template file for import,Neplatný súbor šablóny pre import
Invalid or corrupted content for import,Neplatný alebo poškodený obsah na import
Value {0} must in {1} format,Hodnota {0} musí byť vo formáte {1}
{0} is a mandatory field asdadsf,{0} je povinné pole asdadsf
Could not map column {0} to field {1},Nepodarilo sa namapovať stĺpec {0} na pole {1}
Skipping Duplicate Column {0},Preskočenie duplicitného stĺpca {0}
The column {0} has {1} different date formats. Automatically setting {2} as the default format as it is the most common. Please change other values in this column to this format.,"Stĺpec {0} má {1} rôznych formátov dátumu. Automaticky sa nastaví {2} ako predvolený formát, pretože je najbežnejší. Zmeňte ostatné hodnoty v tomto stĺpci na tento formát."
You have reached the hourly limit for generating password reset links. Please try again later.,Dosiahli ste hodinový limit na generovanie odkazov na obnovenie hesla. Skúste to prosím neskôr.
Please hide the standard navbar items instead of deleting them,Skryte štandardné položky navigačného panela namiesto ich odstránenia
DocType's name should not start or end with whitespace,Názov DocType by nemal začínať ani končiť bielymi znakmi
File name cannot have {0},Názov súboru nemôže mať {0}
{0} is not a valid file url,{0} nie je platná url adresa súboru
Error Attaching File,Chyba pri pripájaní súboru
Please generate keys for the Event Subscriber User {0} first.,Najprv vygenerujte kľúče pre používateľa účastníka udalosti {0}.
Please set API Key and Secret on the producer and consumer sites first.,Najprv nastavte kľúč API a tajomstvo na stránkach výrobcu a spotrebiteľa.
User {0} not found on the producer site,Používateľ {0} nebol nájdený na stránke výrobcu
Event Subscriber has to be a System Manager.,Odberateľ udalostí musí byť správcom systému.
Row #{0}: Invalid Local Fieldname,Riadok #{0}: Invalid Local Fieldname
Row #{0}: Please set Mapping or Default Value for the field {1} since its a dependency field,"Riadok #{0}: Prosím, nastavte mapovanie alebo predvolenú hodnotu pre pole {1}, pretože je to závislé pole"
Row #{0}: Please set remote value filters for the field {1} to fetch the unique remote dependency document,"Riadok #{0}: Prosím, nastavte filtre vzdialených hodnôt pre pole {1}, aby ste získali jedinečný dokument vzdialenej závislosti"
Paytm payment gateway settings,Nastavenia platobnej brány Paytm
"Company, Fiscal Year and Currency defaults","Nedodržanie záväzkov spoločnosti, fiškálneho roka a meny"
Razorpay Signature Verification Failed,Overenie podpisu Razorpay zlyhalo
Google Drive - Could not locate - {0},Disk Google - Nepodarilo sa nájsť - {0}
"Sync token was invalid and has been resetted, Retry syncing.","Synchronizačný token bol neplatný a bol resetovaný, opakujte synchronizáciu."
Please select another payment method. Paytm does not support transactions in currency '{0}',Vyberte si iný spôsob platby. Paytm nepodporuje transakcie v mene '{0}'
Invalid Account SID or Auth Token.,Neplatný identifikátor účtu SID alebo autentifikačný token.
Please enable twilio settings before sending WhatsApp messages,Pred odoslaním správ WhatsApp povoľte nastavenia twilio
Delivery Failed,Doručenie zlyhalo
Twilio WhatsApp Message Error,Chyba správy Twilio WhatsApp
A featured post must have a cover image,Odporúčaný príspevok musí mať titulný obrázok
Load More,Načítať viac
Published on,Uverejnené dňa
Enable developer mode to create a standard Web Template,Povolenie režimu pre vývojárov na vytvorenie štandardnej webovej šablóny
Was this article helpful?,Bol tento článok užitočný?
Thank you for your feedback!,Ďakujeme za vašu spätnú väzbu!
New Mention on {0},Nová zmienka o {0}
Assignment Update on {0},Aktualizácia priradenia na {0}
New Document Shared {0},Nový zdieľaný dokument {0}
Energy Point Update on {0},Aktualizácia energetického bodu na {0}
You cannot create a dashboard chart from single DocTypes,Nemôžete vytvoriť graf prístrojovej dosky z jednotlivých typov dokumentov DocTypes
Invalid json added in the custom options: {0},Neplatný json pridaný do vlastných možností: {0}
Invalid JSON in card links for {0},Neplatný JSON v prepojeniach kariet pre {0}
Standard Not Set,Norma nie je stanovená
Please set the following documents in this Dashboard as standard first.,Najskôr nastavte nasledujúce dokumenty v tomto prístrojovom paneli ako štandardné.
Shared with the following Users with Read access:{0},Zdieľané s týmito používateľmi s prístupom na čítanie:{0}
Already in the following Users ToDo list:{0},Už v nasledujúcom zozname úloh užívateľov:{0}
Your assignment on {0} {1} has been removed by {2},Vaše zadanie na {0} {1} bolo odstránené {2}
Invalid Credentials,Neplatné poverenia
Print UOM after Quantity,Tlač UOM po množstve
Uncaught Server Exception,Nezachytená výnimka servera
There was an error building this page,Pri vytváraní tejto stránky došlo k chybe
Hide Traceback,Skryť spätnú väzbu
Value from this field will be set as the due date in the ToDo,Hodnota z tohto poľa sa nastaví ako dátum splatnosti v poli ToDo
New module created {0},Vytvorený nový modul {0}
"Report has no numeric fields, please change the Report Name","Správa nemá žiadne číselné polia, zmeňte názov správy"
There are documents which have workflow states that do not exist in this Workflow. It is recommended that you add these states to the Workflow and change their states before removing these states.,"Existujú dokumenty, ktoré majú stavy pracovného postupu, ktoré v tomto pracovnom postupe neexistujú. Pred odstránením týchto stavov sa odporúča pridať tieto stavy do pracovného postupu a zmeniť ich stavy."
Worflow States Don't Exist,Worflow štáty neexistujú
Save Anyway,Uložiť v každom prípade
Energy Points:,Energetické body:
Review Points:,Kontrolné body:
Rank:,Poradie:
Monthly Rank:,Mesačný rebríček:
Invalid expression set in filter {0} ({1}),Neplatný výraz nastavený vo filtri {0} ({1})
Invalid expression set in filter {0},Neplatný výraz nastavený vo filtri {0}
{0} {1} added to Dashboard {2},{0} {1} pridané na prístrojovú dosku {2}
Set Filters for {0},Nastavenie filtrov pre {0}
Not permitted to view {0},Nie je povolené zobrazenie {0}
Camera,Fotoaparát
Invalid filter: {0},Neplatný filter: {0}
Let's Get Started,Začnime
Reports & Masters,Správy a majstri
New {0} {1} added to Dashboard {2},Na prístrojovú dosku bolo pridané nové {0} {1} {2}
New {0} {1} created,Vytvorený nový {0} {1}
New {0} Created,Vytvorené nové {0}
"Invalid ""depends_on"" expression set in filter {0}","Neplatný výraz ""depends_on"" nastavený vo filtri {0}"
{0} Reports,{0} Správy
There is {0} with the same filters already in the queue:,Vo fronte je už {0} s rovnakými filtrami:
There are {0} with the same filters already in the queue:,Vo fronte je už {0} s rovnakými filtrami:
Are you sure you want to generate a new report?,"Ste si istí, že chcete vygenerovať novú správu?"
{0}: {1} vs {2},{0}: {1} vs {2}
Add a {0} Chart,Pridanie grafu {0}
Currently you have {0} review points,V súčasnosti máte {0} bodov za hodnotenie
{0} is not a valid DocType for Dynamic Link,{0} nie je platný DocType pre Dynamic Link
via Assignment Rule,prostredníctvom pravidla priradenia
Based on Field,Na základe oblasti
Assign to the user set in this field,Priradenie k používateľovi nastavenému v tomto poli
Log Setting User,Používateľ nastavenia protokolu
Log Settings,Nastavenia denníka
Error Log Notification,Upozornenie na chyby v denníku
Users To Notify,"Používatelia, ktorých chcete upozorniť"
Log Cleanup,Čistenie protokolov
Clear Error log After,Vymazať protokol chýb Po
Clear Activity Log After,Vymazať protokol činnosti po
Clear Email Queue After,Vyčistiť e-mailovú frontu po
Please save to edit the template.,"Ak chcete upraviť šablónu, uložte ju."
Google Analytics Anonymize IP,Anonymizácia IP adresy v službe Google Analytics
Incorrect email or password. Please check your login credentials.,Nesprávny e-mail alebo heslo. Skontrolujte svoje prihlasovacie údaje.
Incorrect Configuration,Nesprávna konfigurácia
You are not allowed to delete Standard Report,Štandardnú správu nie je možné vymazať
You have unseen {0},Nevidel si {0}
Log cleanup and notification configuration,Konfigurácia čistenia protokolov a oznámení
State/Province,Štát/provincia
Document Actions,Akcie dokumentu
Document Links,Odkazy na dokumenty
List Settings,Nastavenia zoznamu
Cannot delete standard link. You can hide it if you want,"Nie je možné odstrániť štandardné prepojenie. Ak chcete, môžete ho skryť"
Cannot delete standard action. You can hide it if you want,"Nie je možné odstrániť štandardnú akciu. Ak chcete, môžete ju skryť"
Applied On,Aplikované na
Row Name,Názov riadku
For DocType Link / DocType Action,Pre prepojenie typu DocType / akciu typu DocType
Cannot edit filters for standard charts,Nie je možné upraviť filtre pre štandardné grafy
Event Producer Last Update,Producent podujatia Posledná aktualizácia
Default for 'Check' type of field {0} must be either '0' or '1',"Predvolená hodnota pre typ ""Check"" poľa {0} musí byť buď ""0"" alebo ""1""."
Non Negative,Nezávisle od negatívneho
Rules with higher priority number will be applied first.,Pravidlá s vyššou prioritou sa použijú ako prvé.
Open URL in a New Tab,Otvorenie adresy URL na novej karte
Align Right,Zarovnať doprava
Loading Filters...,Načítanie filtrov...
Count Customizations,Prispôsobenia počítania
For Example: {} Open,Napríklad: {} Otvoriť
Choose Existing Card or create New Card,Vyberte si existujúcu kartu alebo vytvorte novú kartu
Number Cards,Číselné karty
Function Based On,Funkcia založená na
Add Filters,Pridanie filtrov
Skip,Vynechať
Dismiss,Odmietnuť
Value cannot be negative for,Hodnota nemôže byť záporná pre
Value cannot be negative for {0}: {1},Hodnota nemôže byť záporná pre {0}: {1}
Negative Value,Záporná hodnota
Authentication failed while receiving emails from Email Account: {0}.,Pri prijímaní e-mailov z e-mailového konta zlyhalo overovanie: {0}.
Message from server: {0},Správa zo servera: {0}
Analytics,Analytika
Anonymous,Anonymný
Basic,Základné
License,Licencia
Newsletters,Novinky
Please select prefix first,Najskôr vyberte predponu
Please set the series to be used.,"Nastavte sériu, ktorá sa má použiť."
Unable to find DocType {0},Nie je možné nájsť typ DocType {0}
"Special Characters except '-', '#', '.', '/', '{{' and '}}' not allowed in naming series {0}","Špeciálne znaky okrem '-', '#', '.', '/', '{{' a '}}' nie sú povolené v sérii názvov {0}"
Back to Home,Späť na Domov
Publish,Publikovať
Update Details,Aktualizácia podrobností
Position,Pozícia
Crop,Plodiny
Topic,Téma
Public Transport,Verejná doprava
Request Data,Žiadosť o údaje
Reference DocType,Odkaz DocType
Select Transaction,Vybrať transakciu
Help HTML,Pomocník HTML
Series List for this Transaction,Zoznam sérií pre túto transakciu
User must always select,Používateľ musí vždy vybrať
Check this if you want to force the user to select a series before saving. There will be no default if you check this.,"Začiarknite túto možnosť, ak chcete používateľa prinútiť, aby pred uložením vybral sériu. Ak túto možnosť zaškrtnete, nebude predvolené nastavenie žiadne."
This is the number of the last created transaction with this prefix,Toto je číslo poslednej vytvorenej transakcie s týmto prefixom
Update Series Number,Aktualizácia čísla série
Bottom,Spodná časť
Top,Top
